講義名,開講年次,授業概要
アジア観光論,3,21世紀、世界はアジアを中心に大交流時代に突入する。アジアの人々とのより良い交流のため、アジアの人々の価値観や行動基準を学ぶ。
アジア観光論B,4,21世紀、世界はアジアを中心に大交流時代に突入する。アジアの人々とのより良い交流のため、アジアの人々の価値観や行動基準を学ぶ。
アジア文化研究A,2,21世紀はアジアの時代と言われ、アジアを中心に世界が動き出す。アジアの人々とのより良い交流のため、アジアの人々の価値観や行動の基準を学ぶ。
アジア文化研究B,2,21世紀はアジアの時代と言われ、アジアを中心に世界が動き出す。アジアの人々とのより良い交流のため、アジアの現状と課題を学ぶ。
アフリカ文化研究A,2,高校レベルの地理・世界史の知識。人類史、生態環境、生業、言語について学んだ後、ポピュラーアート、ライフスタイル、助け合いについて学ぶ．毎回の授業終了前に小テストを行い、理解度について確認し、次の回の授業冒頭で補足説明を行う。
アフリカ文化研究B,2,高校レベルの地理・世界史の知識。人類史、生態環境、生業、言語について学んだ後、政治的動乱、和解と共生、自然保護と地域住民について学ぶ．毎回の授業終了前に小テストを行い、理解度について確認し、次の回の授業冒頭で補足説明を行う。
アメリカ観光論,3,アメリカは世界有数の観光大国です。世界各地の人々が大挙してアメリカを訪問するようになり、アメリカ国内においても訪米外国人観光客から得られる観光収入・輸出額は、アメリカ経済の中でも重要な地位を確立するに至っています。この講義では、アメリカ観光の概要から、観光を支える各産業分野、アメリカ政府（連邦・州・自治体）の観光政策などについて学んでいきます。
アメリカ観光論A,4,アメリカは世界有数の観光大国です。世界各地の人々が大挙してアメリカを訪問するようになり、アメリカ国内においても訪米外国人観光客から得られる観光収入・輸出額は、アメリカ経済の中でも重要な地位を確立するに至っています。この講義では、アメリカ観光の概要から、観光を支える各産業分野、アメリカ政府（連邦・州・自治体）の観光政策などについて学んでいきます。
アメリカ観光論B,4,アメリカは世界有数の観光大国です。世界各国の人々が大挙してアメリカを訪問するようになり、アメリカ国内においても訪米外国人観光客から得られる観光収入・輸出額は、アメリカ経済の中でも重要な地位を確立するに至っています。この講義では、アメリカの観光政策と、各州、各自治体の事例について学んでいきます。
アメリカ文化研究A,2,それぞれの地域に焦点を当てたテクストに沿って、アメリカ合衆国の歴史と文化について学びます。副教材として図表などのハンドアウトを配布します。
アメリカ文化研究B,2,それぞれの地域に焦点を当てたテクストに沿って、アメリカ合衆国の歴史と文化について学びます。副教材として図表などのハンドアウトを配布します。
安全・安心の会社法及び関連法,3,私法学を併せて履修していることが望ましい。現代社会では非常に重要な存在である株式会社の法的構造について、その不祥事防止策やリスク管理の具体的方式などを含めて検討する。以下のように講義形式ではないので、主体的な授業参加がとくに望まれる。
安全保障とリスク,3,国際関係論Ｉの事前履修が望ましい。国際関係学の重要分野である安全保障に関し、リスクの観点がどのように取り入れられてきたかについて概説します。前半は、国際関係学での安全保障論の基本的な視点を学びます。次に、社会学の分野から生まれたリスク社会論について検証します。後半は、リスク評価の安全保障への当てはめとして、各安全保障のフィールド（拡大した安全保障）で、リスク論がどのような視点を提示しているかについて見ていきます。
イギリス文化研究A,2,イギリスの文化・伝統、そしてイギリス国民やその生活の根底にある精神風土についてのエッセイをテーマ毎に読み、異文化への理解を図る。
イギリス文化研究B,2,イギリスの文化・伝統、そしてイギリス国民やその生活の根底にある精神風土についてのエッセイをテーマ毎に読み、異文化への理解を図る。
異文化共生論A,2,異文化共生論の授業では、私の台湾居住16年（私は国立台湾大学で博士号を取得し、台湾の大学で11年准教授）の経験から得た実践的な異文化共生論も説明する。日本の在留外国人数は約273万人（うち、中国人約76万人、韓国人約45万人、台湾人約6万人、米国人約6万人）で、日本の婚姻16組のうち、1組が国際結婚である。異文化をもつ外国人と共に生きていく異文化共生論を論じ、複雑な現象を簡単な言葉で論じるので、わかりやすい。30年間、私はある台湾人と共生し、多くの台湾人の親友とつきあっているので、異文化をもつ台湾人と共に生きていく実践的な異文化共生論（台湾文化共生論）を説明する。
異文化共生論B,2,異文化共生論Ｂの授業では､私が国立台湾大学で3年半で博士号を取得し､4年半研究し､台湾の大学で11年准教授として中国語と台湾語で台湾歴史などの科目を教え､私の台湾居住16年の経験から得た実践的な異文化共生論を説明する｡私は専門が台湾の歴史と文化であるので､理論的な異文化共生論つまり台湾文化と儒教思想（孔子の『論語』を基礎とした思想）も説明し､人格を形成し､道徳心を高め､人徳者となる方法を教える｡私は心理学と文化人類学の文献も読んでいるので､台湾人の深層心理にある儒教思想も説明する｡在日台湾人数は約6万人で台湾の全人口は約2300万人である｡30年間､私はある台湾人と共生し､多くの台湾人の親友とつきあっているので､異文化をもつ台湾人と共に生きていく実践的な異文化共生論（台湾文化共生論）を説明する。
異文化コミュニケーション論Ⅰ,1,異文化コミュニケーション論Ⅰの授業では、アメリカ人やヨーロッパ人やアジア人の異文化コミュニケーションの理論と実践に加え、私伊藤幹彦の台湾居住16年（うち3年半で国立台湾大学で博士号を取得し、うち11年台湾の大学で准教授）の実際の経験から得た台湾人・中国人との異文化コミュニケーションも説明する。異なる文化をもつ人と接触した時、スムーズなコミュニケーションのやり方を理論と実践の双方から論じる。30年間、私はある台湾人と共生し、多くの台湾人の親友とつきあっているので、異文化をもつ台湾人と共に生きていく実践的な異文化共生論（台湾文化共生論）を説明する。
異文化コミュニケーション論Ⅱ,1,異文化コミュニケーション論Ⅱの授業では、私の台湾居住16年の経験から得た実践的な異文化コミュニケーション論つまり中国文化と儒教思想を説明する。私は専門が台湾の歴史と文化であるので、台湾人の中にある儒教思想も説明し、道徳心を高めさせ、人格を形成させ、人徳者にならせる。私は国立台湾大学で博士号を取得し、台湾の大学で11年准教授として中国語と台湾語で台湾歴史などの科目を台湾人学生に教えてきた。台湾人とコミュニケションする際の（理論的には心理学と文化人類学を応用した）異文化コミュニケーション論（台湾文化コミュニケーション論）を論じ、理論面と実践面の両面から台湾人の深層心理も説明する。30年間、私はある台湾人と共生し、多くの台湾人の親友とつきあっているので、異文化をもつ台湾人と共に生きていく実践的な異文化共生論（台湾文化共生論）を説明する。
異文化論A,2,高校レベルの日本史、世界史の知識。異文化とは外国の文化だけを指すわけではありません。日本社会を対象に異文化の視点について学びます。毎回の授業終了前に小テストを行い、理解度について確認し、次の回の授業冒頭で補足説明を行う。
異文化論B,2,高校レベルの地理、世界史の知識。本授業は、異文化理解に必要な視点、概念、理論として、オリエンタリズム批判、身体技法、グローバリズム、サブカルチャーについて学ぶ。毎回の授業終了前に小テストを行い、理解度について確認し、次の回の授業冒頭で補足説明を行う。
インターンシップ,2,実習先の受け入れ人数に合わせて、履修人数を制限することがある。授業で、企業での業務実施の前に必要な知識やマナー、企業研究ならびに提出書類の書き方を習得する。就職活動と同じように自分の希望する業種や企業選びなどインターネットを活用して行う。
AI実践プログラミング,3,この授業では、人工知能（AI：ArtificialIntelligence）の歴史的背景を踏まえ、近年、AIプログラミングの開発で最も広く使用されているPython言語の基礎知識を学び、AIで代表される機械学習モデルの構築手法を習得します。また、実践的なプログラミングの体験を通して、プログラミング的思考力の向上を目指します。
AIとビジネスモデル,3,近年、ビジネスにおいて収益を上げる仕組みは、インターネット、モバイル環境などのICT、ビッグデータ、AIなどの技術の進化により、多様化、変化が加速している。本講義では、AIを中心とした最新の技術動向の概要を学ぶとともに、ビジネスの構造と収益を向上させる仕組みの観点から、ビジネスを分析する基礎技術とその活用法を、講義、演習、プレゼンテーション、反転授業により学ぶ。
AI入門,1,本講義では、人工知能の全体像とその基礎技術を理解した上で、どのような対象に活用され、またビジネス領域にどのような影響を与えるかを、講義、演習、グループディスカッション、プレゼンテーションを通じて理解する。
AIプログラミングⅠ,2,この授業では、人工知能（AI：ArtificialIntelligence）の歴史的背景を踏まえ、近年、AIプログラミングの開発で最も広く使用されているPython言語の基礎知識を学び、AIで代表される機械学習モデルの構築手法を習得します。また、実践的なプログラミングの体験を通して、プログラミング的思考力の向上を目指します。
英語Ⅰ,1,ネイティブ講師が担当します。各項目で重要表現の説明を最小限に行い、場面別の発話を繰り返すことで、学生が能動的に英語での発話に参加できるように促します。挨拶から始め、身の回りの物や国籍、数字、色などの英語の基本表現力を身につけます。
英語Ⅰ,1,中学・高校の基礎的英語を強化、補足します。文法の基礎、初歩リスニング、ライティングを通じて、総合的英語能力のアップを図ります。
英語Ⅰ,1,会話、文法、リーディングからなるテクストを使用します。英語の基礎的なスキルを学び直し、いわゆる学校文法の理解を確認する授業です。学生が英語を使う機会をできるだけ多くするために、ペア・ワーク、グループワーク、ゲームなども取り入れます。
英語Ⅱ,1,ネイティブ講師が担当し、各項目で必要な表現の説明を最小限に行い、使える表現の発話を繰り返すことで、生徒が能動的に英語での発話に参加できるように促します。食事や道案内などの会話表現及び過去形、進行形などの英語文法の基本表現を学びます。
英語Ⅱ,1,時事英語を扱う教科書を使い、ビジネス、文化、環境、社会、科学、ファッションなどのテーマでニュース記事を読みます。英文記事を用いて、リスニング、グラマーチェック、日本語訳などを行います。ニュース記事を読むことによって、語彙力のアップにもつながります。
英語Ⅱ,1,リーディングとリスニングを中心にしたTOEICテクストを用いて、文法事項の確認をしながら、様々な分野について、頻度の高い語彙と表現を増やすことを目標とします。ペアワーク、グループワーク、ゲームなどを採り入れて、その課で学んだ英語を楽しく使う時間をできるだけ多くなるようにします。
英語Ⅲ,2,英語Ⅰ・Ⅱで学習した英語のさらなる向上を図ります。授業では毎回焦点を絞って英文法の基本的なルールやフォームを再確認し、リーディング・ライティング・リスニングの能力を習得するためのタスクを行います。
英語Ⅲ,2,ネイティブ講師が担当します。各項目で重要表現の説明を最小限に行い、場面別の発話を繰り返すことで、学生が能動的に英語での発話に参加できるように促します。趣味、スポーツ、天気、体調、テレビ番組などについての英語応用表現力を身につけます。
英語Ⅲ,2,本演習では、英語の基本的な文法項目を紹介しつつ（拘束課題：教員担当）、様々な英語上の問題点（自由課題：学生提示）について議論を行い、広く英語の技能を身につけるとともに、より広い実践的な力をつけてもらうことを目標とする。その目標を達成するために、本授業では、ノートを正確に取ってもらうことを求める。
英語Ⅳ,2,英語Ⅰ・Ⅱで学習した英語のさらなる向上を図ります。授業では毎回焦点を絞って英文法の基本的なルールやフォームを再確認し、リーディング・ライティング・リスニングの能力を習得するためのタスクを行います。
英語Ⅳ,2,ネイティブ講師が担当します。各項目で重要表現の説明を最小限に行い、場面別の発話を繰り返すことで、学生が能動的に英語での発話に参加できるように促します。買物、観光地、経歴、食品などについての英語応用表現力を身につけます。
英語Ⅳ,2,本演習では、英語の基本的な文法項目を紹介しつつ（拘束課題：教員担当）、様々な英語上の問題点（自由課題：学生提示）について議論を行い、広く英語の技能を身につけるとともに、より広い実践的な力をつけてもらうことを目標とする。その目標を達成するために、本授業では、ノートを正確に取ってもらうことを求める。
英語学概論A,2,音声・単語・文法・意味など、様々な観点から英語学について講義する。ひとつひとつのテーマが明確に分かれば、英語学が狙いとしているものが見えてくると考える。
英語学概論B,2,英語学とは何かということを説明する。そして、その英語学的な視点から物事を分析できるようになる。そのためには、ノートをしっかり取ることが重要です。
英語スピーキングⅠ,1,本授業では、英語をなるべく多く発言してもらうことを目標とする。多くの演習をこなすことを重視するため、正確性は二の次とする。
英語スピーキングⅡ,1,本授業では、英語をなるべく多く発言してもらうことを目標とする。多くの演習をこなすことを重視するため、正確性は二の次とする。
英語通訳Ⅰ,2,国際化、情報化の時代と呼ばれる今日、海外との交流はますます盛んになり、英語コミュニケーションの重要性も増している。この授業では、様々な分野においても活用度の高い英語表現を学ぶとともに、英語逐次通訳に通じる基礎学力を養成する。
英語通訳Ⅱ,2,国際化、情報化の時代と呼ばれる今日、海外との交流はますます盛んになり、英語コミュニケーションの重要性も増している。この授業では、様々な分野においても活用度の高い英語表現を学ぶとともに、英語逐次通訳に通じる基礎学力を養成する。
英語プレゼンテーションA,2,基礎的なスピーキング力があることを前提とします。英語スピーキングⅠ、Ⅱの履修を推奨します。ネイティブ講師が担当します。英語で伝わるプレゼンテーションスキルを基礎から学びます。プレゼンテーションの基本構成からジェスチャー、アイコンタクトなどの重要スキルをレッスン毎に学習します。ミニプレゼンテーションによる人前での発表や、ブレインストーミングなどグループワークによる議論を深めることで、能動的な各学生の参加を促します。学生が自分の意見を発信できる能力を高めます。
英語プレゼンテーションB,2,基礎的なスピーキング力があることを前提とします。英語スピーキングⅠ、Ⅱの履修を推奨します。ネイティブ講師が担当します。英語で伝わるプレゼンテーションスキルを基礎から学びます。プレゼンテーションの基本構成からジェスチャー、アイコンタクトなどの重要スキルをレッスン毎に学習します。ミニプレゼンテーションによる人前での発表や、ブレインストーミングなどグループワークによる議論を深めることで、能動的な各学生の参加を促します。学生が自分の意見を発信できる能力を高めます。
英語文学Ⅰ,2,イギリスを代表する作家ジェイン・オースティン（JaneAusten）の小説、『ノーサンガー・アビー』（NorthanterAbbey、1818）を取り上げ、内容を理解するための設問、文法力の定着を図る問題、リスニング力を向上させる練習問題によって、作品理解、様々な英語表現の習得、多様な文化の理解を図る。
英語文学Ⅱ,2,イギリスを代表する作家ジェイン・オースティン（JaneAusten）の小説、『ノーサンガー・アビー』（NorthanterAbbey、1818）を取り上げ、内容を理解するための設問、文法力の定着を図る問題、リスニング力を向上させる練習問題によって、作品理解、様々な英語表現の習得、多様な文化の理解を図る。
英語ライティングⅠ,1,様々な話題について、目的や場面、状況等に応じて英語で書くことができるようになることを目的とする。そのため、受講者は英語の文章を授業内外で書くことになる。
英語ライティングⅡ,1,様々な話題について、目的や場面、状況等に応じて英語で書くことができるようになることを目的とする。そのため、受講者は英語の文章を授業内外で書くことになる。
英語リスニングⅠ,1,この授業はBBCNewsを聞きます。最初は難しいと思いますが、3ヶ月もすれば、自信がついてきます。何度も繰り返すことで、身につきますので、何度も聞くようにしてください。最終的に英語リスニングの力を高め、英検合格への足がかりとなれば幸いです。
英語リスニングⅡ,1,この授業はBBCNewsを聞きます。最初は難しいと思いますが、3ヶ月もすれば、自信がついてきます。何度も繰り返すことで、身につきますので、何度も聞くようにしてください。最終的に英語リスニングの力を高め、英検合格への足がかりとなれば幸いです。
英語リーディングⅠ,1,英文学を中心に、様々な英文に触れていく授業です。テキストの予習を強くすすめます。予習方法は担当より説明を行います。英文学の文章に触れ、英語への感性を磨くことを目標としています。
英語リーディングⅡ,1,英文学を中心に、様々な英文に触れていく授業です。テキストの予習を強くすすめます。予習方法は担当より説明を行います。英文学の文章に触れ、英語への感性を磨くことを目標としています。
エコツーリズム,3,エコツーリズムの理念を踏まえて、国内外で実施されているエコツーリズムを検証することにより、自然の保護と観光活用のあり方について修得する。
SDGsと人口,1,メールおよび授業Websiteを定期的にチェックする事ができること2015年⚙月25日、日本を含む193か国の指導者たちは、2030年までに達成すべき17個の目標と169のターゲットである「持続可能な開発目標（SDGs）」の採択に合意しました。本講義では、人口学の視点から、2030年におけるSDGsの達成に向け、世界が直面している課題と、それに対する日本および世界の取組みについて概観します。
SDGsの政治経済学,1,2015年9月25日、日本を含む193か国の指導者たちは、2030年までに達成すべき17個の目標と169のターゲットで構成された「持続可能な開発目標（SDGｓ）」の採択に合意しました。本講義では、2030年におけるSDGsの達成に向け、世界が直面している課題と、それに対する日本および世界の取組みについて概観します。また、現在、第一線で活躍されている経験豊富なプロフェッショナルの方々を招いて、直接、現場の体験を聞くことにより、将来、自らの専門性を生かし、SDGsの達成に自分がどのように貢献していけるのか、国際開発の世界でどうキャリアを築いていくのか、その道を模索する為のヒントと将来のキャリア像を提供します。
応用データ処理,1,EXCELが使用可能なビッグデータや人工知能（AI）技術の活用領域は急速に拡大しており、ディジタル社会の基礎知識として、データサイエンスやAIに関する知識、技術を習得することが望まれている。本講義では、データサイエンス関連科目を学ぶために必要な基礎知識であるデータ処理技術の習得を目指す。本講義では、サンプルデータによる演習課題を通してデータ処理技術とその活用法を学ぶ。
沖縄文化研究,4,この授業の目的は、ともすれば観光やエキゾチシズムにのみ目の回りがちな沖縄文化を当事者の視点から捉えてみることです。皆さんのほとんどが「遊びに行くところ」と考えているかもしれません。しかし、当地の生活実感から生活世界を考えるなら、本土とも微妙に異なる世界が出現します。多方面から考えてみましょう。
沖縄文化史,4,沖縄文化研究沖縄文化研究を受けて、後期ではその範囲を宮古地域に限定して考察します。防衛問題の議論によくみられる「本土沖縄」という二分法では見えにくい沖縄の姿を、宮古地域を中心にすえることで違う見方ができるのではないだろうかという視点から授業を進めていきます。
オペレーティングシステム,3,オペレーティングシステムの適用対象は、大型計算機やパソコンが主対象であったが、現在では、スマホ、家電製品、IoT関連機器等、対象は拡大している。オペレーティングシステムを理解することは、プログラミング技術やシステム開発技術を学ぶ上での基礎知識として非常に重要である。講義、演習、グループディスカッションを通じてオペレーティングシステムの基礎技術を理解する。
音楽で遊ぶ,1,子どもの音楽活動を支える基礎的な技能としてピアノの演奏技術と実践力を養う。音楽の基礎的な知識（楽典）やソルフェージュ、保育現場での音楽表現活動の指導で求められる「弾き歌い」のためのピアノ伴奏法についても学ぶ。
音楽表現,1,子どもの音楽活動を支える基礎的な技能としてピアノの演奏技術と実践力を養う。音楽の基礎的な知識（楽典）やソルフェージュ、保育現場での音楽表現活動の指導で求められる「弾き歌い」のためのピアノ伴奏法についても学ぶ。
音声学,3,科目分類専門科目英語の音声についてテキストを用いると同時に、それに伴うＣＤを聞きながら授業を進める。間違いやすい、あるいは難しい音声について実践練習をし、英語音の連結、脱落、弱化などの現象を理解するだけでなく、実際に練習を通して体得する。
会計学Ⅰ,2,簿記論Ⅰ・Ⅱ会計学Ⅰでは、会計の意義と領域、会計の法的制度、会計の基本構造、利益計算の基本原理をまず解説する。これまでは会計学の総論であるが、次に、会計学の各論を解説する。それは、現金・預金と金銭債権の会計、有価証券の会計および棚卸資産の会計である。
会計学Ⅰ,2,簿記論Ⅰ・Ⅱ会計学Ⅰ・Ⅱでは，財務会計について取り扱う。財務会計は、企業が、外部の利害関係者に対して財務諸表等の財務情報を報告する会計領域である。企業の作成する財務諸表に対する理解を深めるようにする。
会計学Ⅱ,2,会計学Ⅰ簿記論Ⅰ・Ⅱ会計学Ⅱでは、主として会計学の各論を解説する。具体的には、有形固定資産の会計、無形固定資産と投資の資産の会計、繰延資産の会計、負債の会計、純資産の会計、収益と費用の会計を解説する。最後に、財務諸表の作成を解説する。
会計学Ⅱ,2,会計学Ⅰ会計学Ⅰ・Ⅱでは、財務会計について取り扱う。財務会計は、企業が、外部の利害関係者に対して財務諸表等の財務情報を報告する会計領域である。企業の作成する財務諸表に対する理解を深めるようにする。
外国史,1,基礎的な外国史。授業の内容：4．アクティブ・ラーニング（主体的・対話的で深い学びの学習法）型授業を通じて生きる力（自ら考えて問題を解決する力、他者を思いやる心〈感情の知性〉、健康の知・徳・体）を育む。インターアクションで自己肯定感を高める。⚒．多元的で情熱的でアンケートで改善する学習者中心主義の授業。3．知識＋討論＋思考＝独創性開発。⚔．成功哲学（信念をもち、努力すれば、必ず勉強はできるようになる）。⚕．わかりやすい。6．ICT（情報通信技術）でやる気にさせる。⚗．AlbertBanduraの社会的学習理論の自己効力感（self-efficacy）の達成経験、言語的説得、代理体験、心理的情緒高揚で成績を高める。⚘．夢（Dreamscometrue.夢が叶う）と目標を達成させる。
カウンセリング入門,1,私たちは人生の中で様々な問題に直面し、選択を迫られることがある。カウンセリングとは、このような誰でもが遭遇する進路選択や“心の健康”に関わる問題にアプローチし、援助する活動をいう。本講座では、カウンセリングの歴史的な背景や、様々な立場から生まれた理論及び技法（スキル）を習得し、よりよく生きるための「人間の心の健康」について考えていきたい。
家族心理学,3,個人の「こころ」は、その家族の歴史、現在の家族関係と切り離して考えることはできない。本講義では、個人を家族との関係から捉え、家族が形成されてから発達して行く過程、その過程で生じうる家族メンバーの相互作用や心理臨床的問題、支援法を学ぶ。
家族法,3,私法学Ⅰ／私法学Ⅱ／物権法科目分類専門科目本講義では、民法第四編親族を中心に講義を行ないます。親族法の基礎理論、婚姻、離婚、親子、養子、扶養等を中心に親族法が主要なテーマとなります。これらを学習すること通して、法学的な客観的視点で事象を分析し、問題を発見する能力、論理的思考力を養うことを目的としています。
神奈川文化論,2,神奈川県とその周辺地域の歴史・文化等を多様な視点から紐解き、地域の文化・歴史のもつ複合性を学修する。本講義は3名の教員が担当しオムニバス形式で講義を進める。授業内容および計画の欄に（）担当教員を記載した。
体で遊ぶ,3,領域「表現」のねらい、身体表現の指導に関する幼児の表現や発達段階、身体能力を理解するとともに、幼児の多様な身体表現・遊び・環境構成など、保育者としての専門的知識や表現力を身に付ける。
環境経営論Ⅰ,3,近年、地域的環境問題がクローズアップされ、各々の産業セクター・研究領域においてそれに対する対応が急務になっている。観光産業領域においても、その傾向が認められ、「持続可能観光(sustainabletourism)」というタームが確立しつつある。本講義は、「環境マネジメント」を基軸にとして「持続可能性が産業に与える影響」を論じ、「持続可能観光」の様相を説明する。当該講義のキーワードは、環境マネジメント、持続可能性、消費者行動、人間・環境系である。予習・復習に関しては講義において詳細に指示する。
環境経営論Ⅱ,3,近年、地域的環境問題がクローズアップされ、各々の産業セクター・研究領域においてそれに対する対応が急務になっている。観光産業領域においても、その傾向が認められ、「持続可能観光(sustainabletourism)」というタームが確立しつつある。本講義は、「環境マネジメント」を基軸にとして「持続可能性が産業に与える影響」を論じ、「持続可能観光」の様相を説明する。当該講義のキーワードは、環境マネジメント、持続可能性、消費者行動、人間・環境系であり、講義は、「課題解決を目指すPBL的要素」を加えて実施する。また、予習・復習に関しては講義において詳細に指示する。
環境（子どもと生活）,3,幼保小連携認定こども園教育・保育要領、保育所保育指針、幼稚園教育要領における「環境」の内容とその取扱いを理解し、子どもを取り巻く自然環境や人的環境が子どもの成長に影響を与えることから保育環境の在り方を考察する。また、野菜の栽培を通して成長、収穫、食する過程で植物の生命力を体験的に学ぶ
観光英語Ⅰ,2,将来国内外の観光関係の仕事に携わることができることを目標とした授業です。そのため、特に国内外観光に関する様々な場面を想定し、仕事を遂行するのに必要なコミュニケーションに慣れ、運用できるようにします。運用するには、受け身の学習では英語の運用力は身につきません。学生の皆さん自ら英語を運用し、間違え、それらを修正しながら英語の運用力を高める授業です。
観光英語Ⅱ,2,将来、国内外のホテルや旅行代理店、航空関連などの観光関係の仕事に携わることを目標とした授業です。そのため、特に国内外観光に関する様々な場面を想定し、仕事を遂行するのに必要なコミュニケーションに慣れ、基本的な英語の運用ができるようにする授業です。
観光概論,1,観光学の体系、観光の成立要因と各要因の関係性、観光を学ぶために必要な用語とその意味・定義、観光の波及効果など、観光学の体系と観光の基礎につき修得する。
観光経営論,2,観光産業の全体像を経営学の枠組みと理論に基づいて概観し、観光経営の基礎について学びます。
観光経営論Ⅰ,4,観光産業の全体像を経営学の枠組みと理論に基づいて概観し、観光経営の基礎について学びます。
観光経営論Ⅱ,4,｢観光経営論Ⅰ」を履修していることが望ましい。観光産業の全体像を経営学の枠組みと理論に基づいて概観し、観光経営の基礎について学びます。
観光経済論Ⅰ,4,今の観光経済活動の現状を把握・分析するとともに、政府等における観光政策から我が国における観光経済の現状・課題を理解し今後の方法性について学修する。
観光経済論Ⅱ,4,観光経済論Ⅰ国内外の観光需要と社会における観光の経済波及効果について、観光経済論Ⅰの内容にさらに詳細な数量的な視点から観光経済の現状を学修する。
観光産業論,2,本講義の目的は、観光産業に関する基礎的な知識を修得し観光産業の果たす役割と今後の観光産業のあり方についての理解を深め、観光産業の振興を図る創造的な能力と態度を育てることにある。まず、観光産業の「観光領域での位置づけ」と各々の観光産業の事例と特徴を説明する。そして、「観光産業が扱う旅行（観光）商品の特性」について具体的に説明をする。また、予習・復習に関しては講義において詳細に指示する。
観光産業論Ⅰ,4,本講義の目的は、観光産業に関する基礎的な知識を修得し観光産業の果たす役割と今後の観光産業のあり方についての理解を深め、観光産業の振興を図る創造的な能力と態度を育てることにある。まず、観光産業の「観光領域での位置づけ」と各々の観光産業の事例と特徴を説明する。そして、「観光産業が扱う旅行（観光）商品の特性」について具体的に説明をする。また、予習・復習に関しては講義において詳細に指示する。
観光産業論Ⅱ,4,"本講義の目的は、観光産業に関する基礎的な知識を修得し観光産業の果たす役割と今後の観光産業のあり方についての理解を深めることにより観光産業の振興を図る創造的な能力と態度を育てることにある。そのために、観光産業の「観光学の枠組みでの位置づけ」・「新たな観光産業の形態」や「観光産業とのセクタとの関係性」について講義をする。当該講義は、MICE(Meeting,Incentivetour,Convention,Exhibition)やDMO(Destinationmanagementorganization)に言及し、問題解決的学修（PBL）に関する方法にて今後の観光産業の有り方を論ずる。また、予習・復習に関しては講義において詳細に指示する。"
観光社会学,3,現代の社会における変動を様々な視点から見つめなおすことにより、これからの社会における観光の役割と方向を探求する。講義時点に起こっている観光と社会現象をテーマとして取り上げる。よって本授業計画は、今まで取り上げたテーマであり参考とする。
観光社会学Ⅰ,3,現代の社会における変動を様々な視点から見つめなおすことにより、これからの社会における観光の役割と方向を探求する。講義時点に起こっている観光と社会現象をテーマとして取り上げる。よって本授業計画は、今まで取り上げたテーマであり参考とする。
観光社会学Ⅱ,3,これまでの観光の潮流及び観光社会の今を踏まえて、現代社会における観光の役割・責任を探求する。
観光情報論,1,当該授業は、観光領域での課題解決における情報系手法やその考え方の重要性を説明し、多様な計量的な手法の事例を紹介する。そして、観光実務や観光研究における情報システムの有用性を示唆し、今後の学修に役立てることを目的とする。主に、旅行者心理学・モチベーションの領域を基軸に観光行動・マーケティングへの基礎的考察を提示する。当該講義は、問題解決に際し「質問票調査」等の「実習」を予定している。また、予習・復習に関しては講義において詳細に指示する。
観光と法,3,法学または法の性格と役割東京オリンピック・パラリンピックの開催や外国人観光客の急激な増加などに伴い、インバウンドビジネスが急速に拡大している。そのような中で民泊やIR（統合型リゾート）など私たちの身近では新たな法制度をめぐるさまざまな問題が生じている。本授業では、このような観光に関して身近に起きる法律問題を共に考える機会を提供する。
観光文化史,3,歴史を紐解くことは、どの領域でも、又いつの時代でも肝要なことである。当該講義は、観光（観光行動）の歴史と文化について内外の研究成果を説明し、現代の実務的課題や研究方法に向けての新しい糸口を検討するための有益な視点を提供する。現在の観光学において、「旅行動機」、「旅行者の類型化」等の領域で有用な視点が提出されており、歴史的考察を通して今後の学修に有用な視点を提供することも考えられる。また、予習・復習に関しては講義において詳細に指示する。
観光文化史Ⅰ,4,歴史を紐解くことは、どの領域でも、又いつの時代でも肝要なことである。当該講義は、観光（観光行動）の歴史と文化について内外の研究成果を説明し、現代の実務的課題や研究方法に向けての新しい糸口を検討するための有益な視点を提供する。現在の観光学において、「旅行動機」、「旅行者の類型化」等の領域で有用な視点が提出されており、歴史的考察を通して今後の学修に有用な視点を提供することも考えられる。また、予習・復習に関しては講義において詳細に指示する。
観光文化史Ⅱ,4,歴史を紐解くことは、どの領域でも、又いつの時代でも肝要なことである。当該講義は、観光（観光行動）の歴史と文化について内外の研究成果を説明し、現代の実務的課題や研究方法に向けての新しい糸口を検討するための有益な視点を提供する。当該講義では、歴史的な一次資料（講義で扱われる一次資料はすべて現代語訳を使用）の講読などを通し、古人の旅行（観光）への思いを考える。このような作業を通し、今後の学修に有用な視点を検討することを当該講義の目的とする。また、予習・復習に関しては講義において詳細に指示する。
観光文化論,1,観光と文化（社会）の様々な関係について、観光客という視点から観光活動の現状や歴史的な経緯、各種文化の特性等を踏まえて、よりよき観光文化形成のあり方について探求する。前半は時系列からみた観光文化の変容、後半は観光空間の整備による観光文化の変容について学修する。
観光マーケティング論,2,社会は生産者志向から顧客志向へと遷移している。それは観光という分野でも例外ではない。そこで本講義では観光における顧客志向の観光を知り、かつ神奈川県内の観光についてディスカッションを行うことにより持続可能性の高い観光に関する理解を深める。
観光マーケティング論Ⅰ,2,社会は生産者志向から顧客志向へと遷移している。それは観光という分野でも例外ではない。そこで本講義では観光における顧客志向の観光を知り、かつ神奈川県内の観光についてディスカッションを行うことにより持続可能性の高い観光に関する理解を深める。
観光マーケティング論Ⅱ,2,観光を基軸としたマーケティングにおいては、観光客目線のほか、行政目線での考え方を理解しておくことも大切である。本講義では、行政目線による 観光を知り、ディスカッションで理解を深め、かつ自分事として考える。
観光リスクマネジメント論,3,「リスク危機マネジメント方法論」および「リスク危機マネジメントの考え方とその応用」を学んでいることが好ましい。リスクマネジメント及びクライシスマネジメント（危機管理）は、観光におけるあらゆる活動に共通する基本的事項である。この授業では、観光におけるリスクの取り扱い及び危機時の対応について学ぶ。
韓国語Ⅰ,1,韓国語を母語としないこと。韓国語を初歩から学習する。まず、韓国語の文字・発音を正確に覚え、基本的な文法を学んでいく。科目分類基礎科目
韓国語コミュニケーション,2,TOPIK(韓国語能力試験)3級合格、ハングル能力検定試験3級合格以上この授業を通じて、単なる「話術」ではなく、適切な発表材料の作成、明快な論旨の展開、適切な韓国語表現等多様な役立つスキルを身につける。
韓国文化研究A,2,この授業では、韓国の文化について学ぶ。韓国の文化に関する基礎知識を身に付け、隣国に対する理解を深めることと、異文化としての韓国を理解することが授業の目的である。
韓国文化研究B,2,この授業では、韓国の文化について学ぶ。韓国の文化に関する基礎知識を身に付け、隣国に対する理解を深めることと、異文化としての韓国を理解することが授業の目的である。
監査論,3,会計学Ⅰ・Ⅱ科目分類専門科目企業が作成する財務諸表は、必ずしも適正であるとは言えない。そこで、作成した財務諸表が適正に作成されているのかを調査するために、「監査」をする必要がある。本講義では、財務諸表と監査について学ぶ。
漢文学,2,適宜指示する漢和辞典や初歩的な解説書を参照しながら中国古典文学や漢文学について学ぶ。また、現在私たちの生活の中で活用されている故事成語や漢字文化について学ぶ。授業期間の後半は教材のパワーポイントなどをつかいながら受講者自身がグループを組んで発表をする。
漢文学研究,4,適宜指示する漢和辞典や初歩的な解説書を参照しながら中国古典文学や漢文学について学ぶ。また、現在私たちの生活の中で活用されている故事成語や漢字文化について学ぶ。授業期間の後半は教材のパワーポイントなどをつかいながら受講者自身がグループを組んで発表をする。
管理会計論,3,簿記論Ⅰ・Ⅱ、経営管理論Ⅰ・Ⅱこの講義では、企業の目的とそれを達成するために遂行される経営者職能と会計の役立ちを論ずる。企業の活動は、資金の調達から生産・販売・流通に至る広範囲なものであり、最近では製品の廃棄処分に至るまでの過程を考慮することが求められるようになってきている。このような活動を計画しそれを実現・統制するために経営者が存在する。経営者職能は経営の階層によってそれぞれ異なるが、各階層での職務を効率的に遂行するために会計情報が必要とされる。管理会計とは、この会計情報をいう。この講義では、TopManagementの職能に焦点を当てて講義を行う。
企業組織法Ｉ,2,企業組織法とは会社法のことである。会社法は、会社という企業の組織・運営に関する法律であり、会社を通じた経済活動のインフラを提供するというかたちで、国民経済にとって極めて重要な役割を果たしている。この講義では、そのような会社法の内容について学習する。
企業組織法Ⅱ,2,企業組織法とは会社法のことである。会社法とは、会社という企業の組織・運営に関する法律であり、会社を通じた経済活動のインフラを提供するというかたちで、国民経済にとって極めて重要な役割を果たしている。この講義では、そのような会社法の内容について学習する。
企業文化論Ⅰ,3,個人に個性があるように、企業も個々に企業文化を有しアイデンティティの確立を図っています。また、その一方で、従来の組織構造、コントロール・システム、評価システム、戦略技法の枠組みでは捉えきれない世界を考察するためにも、企業文化の視点の重要性が指摘されています。そこで、この授業では、まず企業文化に関する諸問題を洗い出し、次いでそれらを理解する枠組みを歴史的・理論的視点から整理したうえで、企業文化論の内容を具体的に学習していきます。
企業文化論Ⅰ,3,文化がそうであるように「企業文化」も、さまざまな捉え方がある。企業文化は、営利性、公共性、社会性を構成要素として成り立っている。営利性は、企業の継続と成長を制度化し、革新を楽しめる企業利益である。企業の発展にとって、企業文化が大きく関係していることを解明する。
企業文化論Ⅱ,3,「企業文化のダイナミズムを読み解き、そのダイナミズムをマネジメントすることがリーダーないし経営者の仕事である」と言われます。その意味の理解を事例およびモデル学習によりながら深め、企業が自らの文化の確認・形成・再生・変革・創造を行う過程で「変わらぬもの」と「変えるもの」の見極めを通して企業文化のあり方を追求している姿を見ていきます。
企業文化論Ⅱ,3,企業と社会の関係はこの数十年の間に大きく変化しており、企業に期待される役割や責任も変わってきている。持続可能な生産と消費というテーマはSDGsの一つとしても位置づけられている。本授業ではこの時代企業経営に何が求められているのか、国内外の潮流を踏まえて考えていく。
キャリアデザイン,2,キャリアデザインとは、自分の職業人生を自らの手で主体的にデザインすることです。この授業では、主体的にデザインできるスキルを身に付けることができるような授業を行います。
教育課程・保育課程論,1,保育の計画の意義と必要性、保育の計画の歴史を理解し、実際の教育課程、保育課程、指導計画を例に取った分析や評価・改善について学ぶ。また、保育の計画の基準となる「幼稚園教育要領」、「保育所保育指針」、「幼保連携型認定こども園教育・保育要領」の基本を理解する。保育制度が急激に変化している中、教育課程・保育課程を知ることで、新しい保育を考え、組み立てる力を養うとともに、保育の計画全体を把握することで、保育の基本を見直す機会とする。
教育心理,1,教育心理学は教育実践と深く結びついた学問です。教育者を目指す人は、より良い教育活動を行うために子どもや児童・生徒を深く理解し、その発達援助に貢献しなくてはなりません。そのため本講座では、人の発達過程、学習行動、学級集団がもたらす人間関係の発達や不適応問題など様々な側面から教育実践に関する知識と理解を深めることを目指します。また、「合理的配慮」の法案が成立したことの意義も鑑みて、発達障害等の理解、特別支援教育についても事例を踏まえて学んでいきます。
行政法Ⅰ,3,私たちは、日常の生活・仕事において、さまざまな場面で「行政」と関わりを持っています。この行政に関する様々な法律を総称して行政法といいます。この様々な法律は共通する原理原則により構築され、運営されています。本講義では、行政法の諸概念・原理原則の基礎的知識修得のため、下記の内容について行政判例研究を交えて体系的に説明していく。また、行政に関する時事問題にも触れ、行政に関する幅広い知識を修得する。
行政法Ⅱ,3,なし（行政法Ⅰの単位取得が望ましい）私たちは、日常の生活・仕事において、さまざまな場面で「行政」と関わりを持っています。この行政に関する様々な法律を総称して行政法といいます。この様々な法律は共通する原理原則により構築され、運営されています。本講義では、行政法の諸概念・原理原則の基礎的知識修得のため、下記の内容について行政判例研究を交えて体系的に説明していく。また、行政に関する時事問題にも触れ、行政に関する幅広い知識を修得する。
近代文学（散文）,2,⑴国文学史を踏まえ、近代文学が抱えた困難と成立までを代表的作家の作品講読で解明・研究する。⑵近代小説の基本的「〈読み〉の原理」を習得する。
近代文学（韻文）,2,⑴日本近代文学における詩の流れを学び、代表的詩人の作品を鑑賞する。⑵作品を精読し、声に出して読むことで言葉の新しい価値を見出し、詩の世界をより深く理解する。
近代文学研究A,4,⑴国文学史を踏まえ、近代文学が抱えた困難と成立までを代表的作家の作品講読で解明・研究する。⑵近代小説の基本的「〈読み〉の原理」を習得する。
近代文学研究B,4,⑴日本近代文学における詩の流れを学び、代表的詩人の作品を鑑賞する。⑵作品を精読し、声に出して読むことで言葉の新しい価値を見出し、詩の世界をより深く理解する。
金融概論,2,金融論の入門編です。金融論は近年「貨幣的経済学」や「ファイナンス」、「貨幣論」などと呼ぶこともありますが、何れも個人の金融や銀行のしくみと役割、国の金融政策を含みます。本講座はさらに国際金融やバーチャル・マネー(仮想通貨)、クレジット(消費者信用)にもふれます。
金融概論Ⅰ,4,金融論の入門編です。金融論は近年「貨幣的経済学」や「ファイナンス」、「貨幣論」などと呼ぶこともありますが、何れも個人の金融や銀行のしくみと役割、国の金融政策を含みます。本講座はさらに国際金融やバーチャル・マネー(仮想通貨)、クレジット(消費者信用)にもふれます。
グローバル化と文化A,3,グローバル化という言葉は日々、耳にします。しかし、よくある「グローバルスタンダードに従うにはどうすればいいのか」という言説には一定の疑いを持ってみる必要を説くことを主な目的とします。文化人類学の立場から、広いまなざしで考察してみましょう。
グローバル化と文化B,3,グローバル化と文化Ａグローバル化と文化Ａを受けて、世界の文化のなかにおける日本文化の地位を論じてゆく。映画、アニメ、音楽などの海外向け日本文化と日本人にとっての日本文化は、どこが同じでどこが異なるのかを考えていきます。
経営学総論Ⅰ,1,環境の複雑性と変化速度が増すビジネスの世界で起きている事象を理解し、社会の中での企業経営のあり方を考えていきます。経営戦略の具体的な事例を取り上げ、その理解を通して、経営とは何か、経営学の体系はどのように構成されているのか、を学習していきます。
経営学総論Ⅰ,1,本講義では、19世紀末から現在まで多種多様な展開をみせているアメリカ経営学を中心に「経営学の生成と展開」について解説する。経営理論を単なる学説史的な知識として習得するだけでなく、それらが企業の実践的要請にどのように応えてきたのか、現実の企業経営にどのような影響を与えてきたのか、そして現在の経営課題とどのように関連づけることができるかについて、理解し思考することが本講義の目標である。
経営学総論Ⅱ,1,環境の複雑性と変化速度が増すビジネスの世界で起きている事象を理解し、社会の中での企業経営のあり方を考えていきます。企業論、事業論、組織論及び管理論の各領域における具体的な事例を取り上げ、その理解を通して、経営とは何か、経営学の体系はどのように構成されているのか、を学習していきます。
経営学総論Ⅱ,1,経営学総論Ⅰを履修していることが望ましい経営学総論Ⅱでは、経営学総論Ⅰで経営学の基礎理論を学んだ学生を前提として、企業の実態を学ぶ企業論に近い内容に重点を置き、企業の行動原理や企業の仕組みを理解することを目的にする。
経営管理論Ⅰ,2,アメリカ経営学は管理論を中心に発展してきた。アメリカの理論を十分に理解し、事例研究を行うことにより、管理の理論と実践をより深く学ぶ。LTD（討論による学習法）やプレゼンテーションも実施する。
経営管理論Ⅰ,2,経営学総論Ⅰを履修していることが望ましい経営管理論では、経営管理論の学説史的な発展を理解することを目的にしている。講義内容についての理解度を問う小テストを毎回行うことにより、基礎的な理解力を高めることを目的にする。
経営管理論Ⅱ,2,アメリカ経営学は管理論を中心に発展してきた。アメリカの理論を十分に理解し、事例研究を行うことにより、管理の理論と実践をより深く学ぶ。
経営社会学Ⅰ,4,本講義は超高齢化社会の中、社会で起きている様々な事象が企業に与える影響について論じる。①若者の考え方・価値観の変化。②女性労働者の意識や価値観、働き方。③外国人労働者の意識や価値観について焦点を当てる。
経営社会学Ⅱ,4,担当教員による経営社会学Iを履修していること。本講義は超高齢化社会の中、社会で起きている様々な事象が企業に与える影響について論じる。①若者の考え方・価値観の変化。②女性労働者の意識や価値観、働き方。③外国人労働者の意識や価値観について焦点を当てる。事例研究をしながら、学生同士の意見交換を行う。
経営組織論Ⅰ,3,経営学総論Ⅰを履修していることが望ましい経営組織論における理論的発展を学習することを目的にする。
経営組織論Ⅱ,3,経営学総論Ⅰを履修していることが望ましい後期の経営組織論は多角化経営などにより複雑に変化した企業組織の問題を理解することを目的にしている。
経営文化論Ⅰ,2,経営と文化の関係づけを通して現実の経営の諸問題について学習していきます。この学習は、企業活動の国際化の進展・深化ならびに社会関係の複雑化とともに重要性をより増しています。そこで、この授業では、経営と文化の関係づけの基礎となる見方・考え方・感じ方・決め方を検討し、授業計画に示した各課題をひとつずつ解説していきます。
経営文化論Ⅰ,2,企業が経営を行うことにより、その組織における長い習慣などから経営文化や企業文化が成立する。こういった経営文化や企業文化が経営行動にどのような影響を与えるのか学習する。
経営文化論Ⅰ,2,現代企業を取り巻く環境の変化は加速度を高め、その展開対象たる場の範囲、内容、質等の多岐にわたる高度化が一層進展する状況にある。企業活動は、企業内共有された価値観である経営文化から強い影響を受けるとされている。内容としては、現代企業における実践的活動課題としての国際経営に関する諸検討を主たる構成とし、これまでの経営学に文化を重視した視点を取り込む。これらに鳥瞰的検討と分析を通じて本講義の主たる目的への到達を図る。
経営文化論Ⅱ,2,経営文化論Ⅰ経営文化論Ⅰの理解を基礎にして、日本の経営文化を表層にとどまることなく深層から理解すべく、これまでのフィールドワークの成果に基づき、日本の経営文化の諸問題の現在と今後の課題について考えていきます。経営理念および思考方式、意思決定方式、人事・教育・開発・養成、財務・経営報告の諸領域に及ぶ日本の経営文化の諸問題を体系的に認識したうえで、事例学習によりその理解を確かめていきます。
経営文化論Ⅱ,2,企業が経営を行うことにより、その組織における長い習慣などから経営文化や企業文化が成立する。こういった経営文化や企業文化が経営行動にどのような影響を与えるのかを学習する。
経営文化論Ⅱ,2,古今東西を問わず、歴史上、転換期は激動の時代であった。地球温暖化による気候変動や、世界を一変させた新型コロナのパンデミックは、社会・経済・環境にまたがる複合的な変革に突きつけている。現在、企業経営は大きな変容のなかにある。特に価値観や社会文化の変化は、企業経営の基盤を根本的変革させる。内容としては、変化しない文化と変化する文化を統合する日本的経営文化の特質について言及する。次に、春学期に引き続き基本テーマは、経営学に文化を重視した視点を取り込む。グローバル化の現在、国によりコア文化が違うことから異国経営文化の理解した上で、ケーススタディを通じて日本企業の諸現象を論理的考える能力を高め、日本の経営文化の特質分析を行う。
経営分析論Ⅰ,3,経営分析論Ⅰ・Ⅱでは、企業が作成する財務諸表（連結財務諸表）を用いて、安全性分析、収益性分析、成長性分析等の分析手法について学修する。そして、求められた指標数値からそれが何を表すのか理解できるようにする。経営分析論Ⅰでは、分析対象である財務諸表（連結財務諸表）の特徴からそれを用いる基本的な分析について学修する。
経営分析論Ⅱ,3,経営分析論Ⅰ・Ⅱでは、企業が作成する財務諸表（連結財務諸表）を用いて、安全性分析、収益性分析、成長性分析等の分析手法について学修する。そして、求められた指標数値からそれが何を表すのか理解できるようにする。経営分析論Ⅱでは、経営分析論Ⅰの内容を踏まえて、より専門的な分析について学修する。
経営リスクマネジメント論,2,ビジネスには、リスクはつきものである。また、大きな収益を狙おうとすれば、より高いリスクを許容せざるを得ないのが通常である。リスクは発現し危機となる可能性であるから、ビジネスにおいては、時には危機となることもありうる。この授業では、ビジネスに於ける、リスク・コントロールなどリスクの取り扱いの仕方、リスクのある状況の中での組織の運営、そして、万一、危機が発生したときの経営の仕方やあり方ならびにその関連事項について学ぶ。学生が経営とは何か、どのように経営が行われているか、経営の基礎理論などについて十分知識を有していない場合はそのような経営の基礎にまで遡って授業を行う予定である。その場合は必ずしも下記のスケジュールにこだわらず授業を行うことになる。
景観論Ⅰ,3,景観研究の学際性を検討し、観光学領域から景観学を概観する。そして、観光学における景観現象の「解釈」と「実践」を説明する。観光領域に関する「景観環境」はアトラクション認知に深く関わる重要な要素であり、この構造を観光学領域において体系的に説明する。そして、観光地計画等への応用と共に、観光学の枠組みにおける景観環境の役割を考察する。予習・復習に関しては講義において詳細に指示する。
景観論Ⅱ,3,景観学の学際性を検討し、景観の認知に関わる枠組みの理解を深める。当該講義は、観光系の講義であるため、観光学（マーケティング）における景観環境の役割の構造的理解を促す。本講義は、森羅万象的な景観要素のうち、「景観認知」に着眼し、「景観の意味」、「景観の計測・分析法」、「景観の観光学・マーケティングへの応用」などを通し、観光学における応用を学修する。予習・復習に関しては講義において詳細に指示する。
経済学,1,科目分類基礎科目私たちは誰もが日々経済活動をしています。ATMで現金を引き落としてモノを買い、消費すること。会社に行って仕事をすること。CO2の減少に貢献するために再生可能エネルギーによる電力を使ったり、その電力でスマホに充電したりすること。これらはすべて経済行為です。経済学はこうした経済行為を一消費者や生産者、あるいは企業・産業、国単位、世界、環境、福祉、エネルギーなどの観点で表現したものです。本講義では主に日常にある経済問題を取り扱います。
経済原論Ⅰ,2,経済学は社会科学の一分野ですが、歴史も長く、理論水準も高い学問です。その範囲も私たちの暮らしから国と国との取引までほとんどすべての領域が経済学のツールで分析されます。本講座はマクロ(巨視的)経済と呼ばれる国単位の経済を論じます。
経済原論Ⅱ,2,本講座はミクロ(微視的)経済学の領域を講義します。「ミクロ」とは経済学の場合個別経済単位、すなわち消費者や企業、さらに同種の生産物を生産・販売する企業群(産業)の経済行動を分析します。したがって、消費数量や価格、所得、売上、利益などを説明することになりますが、ミクロ経済学の応用・拡張分野として、情報や教育の経済学も取り扱います。
経済法Ⅰ,3,私法学Ⅰ・Ⅱ、民法の財産法分野、企業組織法Ⅰ・Ⅱこの授業では、経済法といわれる法分野のうち、とくに消費者トラブルに関する法律問題を検討する。消費者トラブルは、大きく、4消費者が事業者との間で行う取引をめぐるトラブルと、2．消費者の安全をめぐるトラブルとに分けられる。経済法Ⅰの授業では、主に前記1について、消費者と事業者の間で締結された契約の勧誘や契約内容をめぐるトラブルや取引の対象となる商品や役務に関する表示をめぐるトラブルなどを材料として、分析・検討したいと思っている。
経済法Ⅱ,3,経済法Ⅰ、私法学Ⅰ・Ⅱ、民法の財産法分野、企業組織法Ⅰ・Ⅱこの授業では、経済法といわれる法分野のうち、とくに消費者トラブルに関する法律問題を検討する。消費者トラブルは、大きく、4消費者が事業者との間で行う取引をめぐるトラブルと、2．消費者の安全をめぐるトラブルとに分けれられる。経済法Ⅱの授業では、主に前記2について、商品や役務（サビス）によって消費者の生命・身体等の健康被害が生じるトラブルを材料として、分析・検討したいと思っている。
経済リスク,3,科目分類専門科目経済活動は、リスクと背中合わせです。マクロ経済においてもミクロ経済においても、過去や現在を分析するのは、現状は今後どのように変わるか、将来はどのようになるか、あるいは、現在の状況がどのように自分たちの身に降りかかってくるかを考えるためであることがほとんどです。そしてその潜在的な欲求は、何か悪いことが起こる、悪い方向に動くこと、あるいはなにかも良いチャンスはないかを知りそれに対して対策を取りたい（つまりリスクを知りその対策を取りたい）ということにあります。このような観点から経済現象とリスクとの関係について一緒に考えたいと思います。したがってディスカッションによる授業が中心になります。学生が経済活動とは何か、経済の基礎理論などについて十分知識を有していない場合はそのような経済学の基礎にまで遡って授業を行うことにならざるを得ません。その場合は必ずしも下記のスケジュールにこだわらず授業を行うことにします。
刑事法Ⅰ,2,刑事法とは、犯罪と刑罰にかかわる法分野の総称を言います。本講座は、「法学概論」に触れながら刑法や刑事訴訟法を学ぶ講座です。最初の2、3回で法学の基礎を確認するとともに、『犯罪白書』を利用して日本の犯罪と刑罰の現状を知りましょう。その後「刑事法Ⅰ」では主に、刑法の総則、犯罪の成立について学習します。犯罪とは何か、どのような理由で国家が個人に刑罰を科すことができるのか考えてみましょう。具体的な問題を掲げて、刑法総論の概要を判りやすく解説します。初めて聞く言葉も多いでしょうが、難解な概念や論点については、裁判例や事例問題を一緒に検討することで抽象的な議論を具体的に頭に描けるように努めます。
刑事法Ⅱ,2,刑事法とは、犯罪と刑罰にかかわる法分野の総称を言います。本講座は、具体的な事件や裁判例に焦点をあてて刑法や刑事訴訟法を学ぶ講座です。「刑事法Ⅱ」では、具体的な問題を解決する刑法各論や手続法である刑事訴訟法、立法論、政策論である刑事政策などを含めた広い意味での刑事法学を概観し、犯罪と刑罰に関する刑事手続きの流れや具体的事例について学びます。犯罪が我々の社会に対する大変な脅威であることは言うまでもありませんが、同時に、国家による捜査活動や刑罰を科すための刑事手続が、日本国憲法が保障する個人の基本権を侵害することのないよう十分配慮する必要があります。本講座の前半では、国家による適正な刑罰権の行使と人権保障のバランスをとることの難しさ、公正・公平な刑事手続とはいかなるものかについて一緒に勉強するため、主に捜査を学習し、後半では、社会の脅威となる犯罪の具体的な類型に重点を置いて進めて行きます。
契約概論,4,民法典の中に点在する個々の法制度および疑念を契約の成立から終了まで流れに沿って概説します。また、契約に関する基本的な知識等を修得できるようにし、契約実務等を強く意識したものとします。契約法総論の分野となります。
契約法Ⅰ,3,私法学Ⅰ、私法学Ⅱ、ビジネス法Ⅰ、ビジネス法Ⅱ（同時履修も含め、好ましい。）民法典の中に点在する個々の法制度および概念を契約の成立から終了まで流れに沿って集約し、契約に関する基本的な知識等を修得できるようにします。
契約法Ⅱ,3,私法学Ⅰ・Ⅱ、ビジネス法Ⅰ・Ⅱ契約法Ⅰ（同時履修も含め、好ましい。）民法典の中に点在する個々の法制度および疑念を契約の成立から終了まで流れに沿って概説します。また、契約に関する基本的な知識等を修得できるようにし、契約実務等を強く意識したものとします。契約法各論の分野となります
健康（子どもと運動）,2,幼児の運動遊びの基礎的な知識や技術を習得するとともに、学生の身体能力や運動技術の向上を図る。また、保育現場における運動遊びと幼児の発達段階に応じた運動遊びにおける指導法、援助法、安全管理を学ぶ。その上で、様々な運動遊びを組み合わせる応用力と遊びの立案・計画、実践について学ぶ。
原価計算論Ⅰ,3,簿記論Ⅰ・Ⅱ工業簿記は、資本の調達・運用・返還についての記帳は商業と同じであるが、製造過程という内部活動を有していることが特徴である。その製造現場での価値移転の記録計算が必要とされる。すなわち、原価計算の領域である。原価計算では、原価を材料費・労務費・経費の3つに分類して計算把握し、その消費額を製品（給付）と関連づける計算を行う。この原価計算と財務会計との関連について論じ、具体的な計算例を使用して講義する。
原価計算論Ⅱ,3,原価計算論Ⅰ工業は、資本の調達・運用・返還についての記帳は商業と同じであるが、製造過程という内部活動を有していることが特徴である。その製造現場で消費された価値移転の記録計算が必要とされる。すなわち、原価計算の領域である。原価計算では、原価を材料費・労務費・経費の3つに分類して計算把握し、その消費額を製品（給付）と関連づける計算を行う。この原価計算と財務会計との関連について論じ、具体的な計算例を使用して講義する。「原価計算論Ⅰ」で学んだことを基礎にさらに総合原価計算・標準原価計算などを学ぶ。
言語学,2,日本語概論科目分類専門科目第4回～第6回で言語の特性や言語の類型について扱ったあと、分野別に中心的な項目について考える。そして、ふだん使っている身近な存在である言語が、学問の対象として豊かで奥深い内容を擁していることに気づいていく。
現代家族論,3,家族や家庭の姿が多様化している現代において、家庭の意義や機能をあきらかにする。子どもが育つ環境としての家庭内の人間関係や家庭と社会の関わりについて考える。さらに、保護者のワークライフバランスや子育ての問題点を洗い出し、家族のつながり、家族を越えたつながりも含めて家族がよりよく生きる意味を探る。
現代社会と文化,3,私たちは日常生活のさまざまな問題を解決することに追われていますが、事実を見ているのでしょうか。本講義では、ディスカッションやグループワークを取り入れ、現代社会を取り巻く文化について理解を深めていきます。
現代文学（散文）,2,⑴現代小説を「第三項語り論」の「〈読み〉の原理」で読む。⑵現代文学の世界観認識を読み解き、現代を生きる人間の問題の認識を深める。
現代文学（韻文）,2,⑴戦後文学における詩の流れを学び、代表的詩人の作品を鑑賞する。⑵作品を精読し、声に出して読むことで言葉の新しい価値を見出し、詩の世界をより深く理解する。
現代文学研究A,4,⑴現代小説を「第三項語り論」の「〈読み〉の原理」で読む。⑵現代文学の世界観認識を読み解き、現代を生きる人間の問題の認識を深める。
現代文学研究B,4,⑴戦後文学における詩の流れを学び、代表的詩人の作品を鑑賞する。⑵作品を精読し、声に出して読むことで言葉の新しい価値を見出し、詩の世界をより深く理解する。
憲法,2,本講義では憲法の基礎について学習する。最初に憲法の意義や歴史を解説し、次に統治の仕組みを解説する。これらの知識を踏まえつつ、憲法が保障する人権の意義や内容、限界について解説する。講義では具体的事例も取り上げて、憲法問題の解決方法を探る。
憲法学Ⅰ,1,本講義では憲法が定める人権保障の仕組みについて学習する。最初に憲法がどのような法であるかを解説し、次に人権の歴史や主体、限界などを解説する。これらの知識を前提に、個別の人権について具体的事例を取り上げつつ検討していく。
憲法学Ⅱ,1,本講義では憲法の定める統治の仕組みについて学習する。最初に憲法とはどのような法であるかを解説し、次に統治の基本原理を解説する。これらの知識を前提に、統治の仕組みについて具体的事例を取り上げつつ検討していく。
行動観察法,1,一般論として観察にはメガネが必要である。先人の心理学者は、理論構築の枠組みを、メガネにし、行動観察の業績を残している。本講義は、ERICBERNEにより生み出された交流分析の基礎理論を学ぶ。
行動観察法演習,2,行動観察法を履修済みであること行動観察は、心理学の有力な研究方法である以上に心理面接技法として発展している。本講義は、心理面接を対象にして行動記録を映像と音声で記録し検討することにより行動観察のスキルを習得する。
行動分析学,2,私たちが日常生活で何気なくしている行動、どうしてもやめられない行動は、どのようにして形成されたものなのだろうか。行動分析学では、行動の原因を個体の内部ではなく環境との関係から理解する。その理論は、子どもの発達支援等、多くの分野に応用されている。本講義では、行動分析学に基づき、行動がどのように形成され、行動をどのような方法で変容させることができるのかについて学ぶ。
国語（子どもとコミュニケーション）,3,本授業では、母国語の特質とその役割について理解させ、そのうえで母国語の力を育むことの意味を考えさせる。また幼児期の言語力育成の観点から、「話す・聞く・読む・書く」に分けて概説し、幼児教育者に必要な知識・理論を身につけるよう授業を行う。幼児の言葉・コミュニケーション力の発達の過程を理解させ、幼児の母国語力を高めるために必要な知識・理論を教授する。授業形式は、講義と演習を組み合わせて実施する。
国際開発経済論Ⅰ,4,先進国という分類がありますが、その対極に発展途上国ないしは低開発国があります。これらの国は一般に貧困国で、経済発展が困難です。国際開発経済論は主として、こうした貧困の要因と環境を分析するとともに、いかに経済発展の緒につくことができるかを論じます。なお、本講座は総論、「国際開発経済論Ⅱ」は各論を扱います。
国際開発経済論Ⅱ,4,国際開発経済論Ⅰを履修していることが望ましい。国際開発経済論Ⅰでは、発展途上国固有の問題を概説し、なぜ途上国が経済成長できないかを解説しました。本講座は前講座を基礎にして現代の国家間格差問題をさらに掘り下げて論じます。世界に遍在する発展途上国を取り上げ、どのような問題があるか。経済成長するためには何が必要か。何を変えればよいかを説明します。
国際関係論Ⅰ,2,世界史、日本史の基礎的な知識が必要です。国際関係論の入門を身近な素材を使いながら進めます。国際情勢を理解することから始め、国際関係の基本概念を学んでいきます。Ｉにおいては現実主義の国際関係論のパースペクティブから国際関係を見る訓練を行います。
国際関係論Ⅰ,2,私たちの生活に少なからず影響を与える国際問題。たとえば、ガソリンの価格が高くなったり安くなったりするのは、なぜなのだろうか。ガソリンの価格変動の裏には、石油産出国のみならず石油を買う国家や企業、さらには私たち個人を含めた多様なアクター間の利害関係がある。本講義ではこのような国際問題を考える上で必要な知識を習得することで、国際問題の利害関係を見る眼を養う。
国際関係論Ⅱ,2,できれば国際関係論Ｉを履修済であること。国際関係論の入門を身近な素材を使いながら進めます。国際情勢を理解することから始め、国際関係の基本概念を学んでいきます。Ⅱにおいては自由主義の国際関係論のパースペクティブから国際関係を見る訓練を行います。
国際関係論Ⅱ,2,国際関係論Ｉ私たちの住む地球には、80億人を超える人が暮らしている。共存共栄を図るため、私たち地球人はさまざまな組織や規則を作り、連帯して数々の難問を乗り越えてきた。それでは、今日国際社会が抱えている難問（国際問題）はどうすれば解決することが出来るのだろうか。受講生と知恵を絞り、その解決策を探りたい。
国際観光論,1,国際ツーリズム（国際観光）には、経済効果・雇用促進効果と国際相互理解（ひいては世界平和）への貢献という大きな意義があり、各国が国際ツーリズムの促進に力を入れている。日本も例外ではない。国際観光論では、国際ツーリズムとは何か、国際ツーリズムの意義、世界および日本における国際ツリズムの現状、ツーリズム・マーケティング、日本の国際ツーリズム政策など、国際ツーリズムについての基礎を学ぶ。
国際観光論Ⅰ,4,国際ツーリズム（国際観光）には、経済効果・雇用促進効果と国際相互理解（ひいては世界平和）への貢献という大きな意義があり、各国が国際ツーリズムの促進に力を入れている。日本も例外ではない。国際観光論Ⅰでは、国際ツーリズムとは何か、国際ツーリズムの意義、世界および日本における国際ツーリズムの現状、ツーリズム・マーケティング、日本の国際ツーリズム政策など、国際ツーリズムについての基礎を学ぶ。
国際経営論Ⅰ,3,市民の活動や企業の活動はグローバル化が進んでいる。国際化する社会で活動するためには国際経営についての知識が必要である。本講義では、国際経営についての基礎的な知識と理論および身近な事例について学習する。
国際経営論Ⅱ,3,今日、日本では中小企業にいたるまで、国際化が進展している。企業の国際的な取引はもちろん、人材の国際化により、外国人労働者も増加している。社会生活を営むうえでも国際経営の知識は不可欠になっている。
国際経済論Ⅰ,3,マクロ経済学は消費や投資、経済政策などの相互関係を学びますが、これに貿易が加わった国際経済学はさらに多くの経済変数の相互依存関係を考えな ければなりません。古くは国家間のモノの貿易だけでしたが、現在はサービス貿易の比率も上がり、円滑な取引を求めよりよい制度を模索しています。本 科目は歴史と制度、理論の3分野を講義します。
国際経済論Ⅱ,3,本講座は当該分野における近年のトピックスを取り上げます。また、国際経済学は国際政治と密接に関連していますので、随時政治問題にもふれます。
国際政治学Ⅰ,3,国際政治学の入門を国際秩序の理論的な枠組みを学びながら行います。19世紀からの国際政治秩序を現代まで追っかけていきます。同時に戦争・平和、安全保障の話を時事的な問題にも触れながら探究していきます。
国際政治学Ⅱ,3,日本の経営や経済を深く見ていくには、国際政治での重要な事例での意思決定や日本の外交史の知識も必須です。本講義は国際関係論における意思決定論（外交政策）と日本外交の歴史を概略し、基本的な事例を通じ、意思決定の重要性と限界を見ていきます。
子育て支援,3,保育士の行う子育て支援について、その特性を理解し、支援の展開として相談過程を学ぶ。さらには子育て支援の実際（内容・方法・技術）について事例を通して具体的に学ぶ。
古典文学,2,日本の古典『源氏物語』に記された作品を対象として授業を行う。本文の的確な読み、解釈を行い、古代的な論理・信仰・習俗などを踏まえつつ、作品成立の背景や各神話の持つ意味、伝承者の心を捉える。
古典文学（散文）,2,物語の発生からその展開について解説する。特に古代以来の言語伝承である神話、伝説等を理解する。長編物語と短編物語、男性の物語と女性の物語の比較、また日記文学や随筆について講義・演習を通じて古典文学を深く理解する。講義のほか、学生の研究発表の形式を採る。
古典文学（韻文）,2,詩歌の発生や作品に見られる文学歌謡を理解する。講義のほか、学生によるテーマ発表を行う。
古典文学研究A（散文）,4,物語の発生からその展開について解説する。特に古代以来の言語伝承である神話、伝説等を理解する。長編物語と短編物語、男性の物語と女性の物語の比較、また日記文学や随筆について講義・演習を通じて古典文学を深く理解する。講義のほか、学生の研究発表の形式を採る。
古典文学研究B（韻文）,4,詩歌の発生や作品に見られる文学歌謡を理解する。講義のほか、学生によるテーマ発表を行う。
言葉で遊ぶ（言語表現）,3,乳幼児期の言語発達の道筋や特徴などについて学び、子どもの「言葉」を育てるための「言葉遊び」や言語表現を用いた様々な教材を体系的に理解する。保育者として表現技術指導の基礎的知識を身に付け、実際に活用するための基礎力を養成する。入門的言語表現教材の開発の理論と知識を学ぶ。
子ども教育原理,1,教育の理念と意味、教育思想の歴史的変遷（我が国と欧米の場合）、教育の目的・内容・方法の関連、教育制度・法規の実際、生涯学習社会における教育 のあり方、現代の教育の喫緊の課題などを、特に幼児の教育に視点を合わせて理解させる。この過程を通して、教育に関する基礎的・基本的概念の習得を させ、教育活動における実践原理の体系的な理解を促す。教育現場との関連性を意識しながら教授する。授業形態は、講義の他に、グループ討論と発表、 VTR 視聴とその検討を含む。
子ども教育社会学,3,この授業では、現代の公教育を支える社会構造を理解した上で、学生一人一人が主体的に考え、答えを導き出す姿勢を身につけることを促していく。授業ではグループディスカッションやプレゼンテーションを多用し、参加型の授業を目指していきたい。
子ども教育制度論,1,現代の学校教育と幼児教育の法と制度の基礎を理解するとともに、教育を支える学校組織、教育行政、家庭や地域の実情と連携について相互に関連しな がら教育や保育が実践されていることを理解する。また、今日的な課題について調べて発表することを通して望ましい教育や保育の在り方について考えを 深める。
子ども教育相談,2,本講座では、子ども・児童生徒が人として望ましく成長するための支援方法として保育・教育者が身につけるべき教育相談活動について基本的な理論や知識を学んでいく。さらには相談活動に必要なカウンセリングの方法をロールプレイやグループワークなどで体験的に学習していく。
子ども教育方法論,1,現代の我が国における教育、保育の現状及び子どもの実情を理解し、その状況に適合し合致するような、それぞれの機関における教育の方法に関する基 礎的な理論や技術を学ぶ。その具体的な内容としては、年齢や学力に合わせた指導案（及びカリキュラム）の計画・立案方法を学び、それぞれが立案でき るようにする。またその案を使用しての模擬保育にも発展させる。また現在不空している様々な最新の情報機器などの種類や活用方法についても学ぶ。そ れぞれが自分独自の教育方法を模索しながら、自分の教育・保育方法を立案し、展開ができるように展開していきたい。
子どもの健康と安全,3,子どもの健康を保持増進するための保健活動の実践に必要な体調管理の方法、基本的養護と教育、病気や怪我の対応とその予防に関する基礎的な技術を修得し、子どもと家族の健やかな発育と発達を促進するための保育活動について考える。
子どもの健康と安全,3,子どもの健康を保持増進するための保健活動の実践に必要な体調管理の方法、基本的養護と教育、病気や怪我の対応とその予防に関する基礎的な技術を修得し、子どもと家族の健やかな発育と発達を促進するための保育活動について考える。
子どもの食と栄養,2,乳幼児期の食生活は、健全な発育・発達に大きな影響を及ぼすだけでなく、生涯にわたる食習慣の基礎を作る上でも重要なものである。保育者として、子どもや家庭を支援するための基本的な栄養学的知識と食育の意義、目的を理解するとともに、演習・実習を通して実践力、展開力を身につける。
子どもの保健,2,子ども期の心身の健康、発育と発達、病気や事故の予防など安全な保育環境について概説し、保育の専門家として、地域の多職種との連携と協働による子どもの健やかな発育・発達の支援に必要な基礎的知識を修得する。
子どもの保健,2,子ども期の心身の健康、発育と発達、病気や事故の予防など安全な保育環境について概説し、保育の専門家として、地域の多職種との連携と協働による子どもの健やかな発育・発達の支援に必要な基礎的知識を修得する。
子ども保育者論,1,時代とともに変わる保育のさまざまな実態にも機敏に対応していける保育者について学ぶとともに、専門性とｺﾝﾌﾟﾗｲｱﾝｽに基づいた確固たる使命感と熱意を持ち、保育を行うことのできる実践の在り方について学ぶ。授業方法は、演習、話し合い活動、グループ学習等を設定する。
コミュニケーション心理学,2,本講義では、私たちが日常的に行っているコミュニケーションに関する社会心理学の理論を学びながら、コミュニケーション場面で生じていることを理解し、より快適なコミュニケーションをとるためにはどうしたらよいのかについて演習を通して考える。
コンピュータグラフィックス,2,デジタル画像は現代のデジタルコンテンツの重要な基本要素である。デジタル画像に関する知識と編集技術について、PC ／スマートフォンを利用した作品制作を通して学修する。
コンピュータプレゼンテーション,1,プレゼンテーション能力はアカデミックのみならず、一般社会においても必要不可欠な能力となっている。とりわけ現代社会においては、PC を活用したプレゼンテーションが求められており、PC を効果的に活用したプレゼンテーションの手法について、演習を通して学習する。
コンピュータプレゼンテーション,1,プレゼンテーション能力はアカデミックのみならず、一般社会においても必要不可欠な能力となっている。とりわけ現代社会においては、PC を活用したプレゼンテーションが求められており、PC を効果的に活用したプレゼンテーションの手法について、演習を通して学習する。
コンベンションビジネス論,3,ビジネストラベル論で学んだ MICE のうち、国際会議（conventions）とインセンティブトラベル（企業報奨旅行、incentive travel）に焦点を当てて詳しく学ぶ。
財務管理論Ⅰ,3,財務管理論Ⅰでは、財務環境、財務制度、財務管理と企業経営、資本運用の新たな動きについて解説する。具体的には、情報革命、機関投資家、コーポレート・ガバナンス、証券市場、財務分析、利益管理、リスクマネジメント、キャッシュフロー管理等を解説する。
財務管理論Ⅱ,3,財務管理論Ⅱでは、資金調達の新たな動き、財務戦略、財務管理の新展開について解説する。具体的には、銀行業の発展と今日的課題、今後の証券化金融市場の行方、資本政策と自社株取得、知的財産、デリバティブ、ESG 投資、これからの財務管理等を解説する。
財務諸表論,3,企業会計は、財務会計と管理会計とに分類できる。中でも、財務会計は、企業外の利害関係者に対して財務諸表を公表することを目的とする。財務諸表 論では、財務会計を中心に財務諸表の特徴およびそれにかかる原則等について学ぶ。また、財務諸表の作成だけでなく利用についても財務諸表分析をとお して学ぶ。
産業心理学Ⅰ,4,現在は産業・組織心理学として社会に認知されており、本授業と組織心理学とは不可分のものである。本授業では、主に企業組織において求められる人 材とは何かを中心として学びを進める。内容としては、企業トップがしばしば陥る判断誤り、産業場面において事故多発者と無事故者におけるパーソナリ ティの差異や、「安全」と「リスク」の定義、リーダーシップと生産効率、及び事故防止に向けた危険感受性訓練法等である。授業形態は講義を中心としま すが討議法も随時用い、「分かりやすい授業」を目指す。
産業心理学Ⅱ,4,現在は産業・組織心理学として社会に認知されており、本授業も産業心理学とは不可分の関係にある。そこで本授業では、組織とは何かから始め、組織 内において生じる対人関係の在り方、精神的ストレスの定義と対処法、生理的特性や動機づけ、及び作業行動の発生過程までを学ぶ。授業形態は講義を中 心とするが、随時討議や実習も行い、「分かりやすい授業」を目指す。
産業心理学概論,2,現在は産業・組織心理学として社会に認知されており、本授業と組織心理学とは不可分のものである。本授業では、主に企業組織において求められる人 材とは何かを中心として学びを進める。内容としては、企業トップがしばしば陥る判断誤り、産業場面において事故多発者と無事故者におけるパーソナリ ティの差異や、「安全」と「リスク」の定義、リーダーシップと生産効率、及び事故防止に向けた危険感受性訓練法等である。授業形態は講義を中心としま すが討議法も随時用い、「分かりやすい授業」を目指す。
自己の心理学,3,自己心理学の抽象的理論や諸概念を受講者自身の発達と人生経験に結びつけるには、体験学習によるエクササイズが適していると考える。そこで、ウィ ラード B．フリック著『Personality Theories Journeys Into Self An Experiential Workbook』の和訳資料に基づき受講者の自己洞察を促し自己成長が達成出 来ることを目的に授業を行う。
事故の法的責任論,3,私たちの日常生活では、さまざまな事故に遭遇する。交通事故や契約上のトラブルなどがその代表であろう。そのような事故に遭遇した場合、どのよう な法律を基に当事者間の紛争を解決すればよいのかについて、①底流を流れる法理論の把握とともに、②実際に起きた紛争についてどのような判断がなさ れ、またどのような問題点をはらんでいるのかについて主体的に考える機会を提供する。
事故リスク危機マネジメント,3,事故及び災害のリスクマネジメントおよびクライシスマネジメント（危機管理）について学ぶ。
持続可能な開発目標と国際社会,4,メールおよび授業 Website を定期的にチェックする事ができること2015年⚙月25日、日本を含む193か国の指導者たちは、2030年までに達成すべき17個の目標と169のターゲットである「持続可能な開発目標（SDGs）」の採 択に合意しました。本講義では、人口学の視点から、2030年における SDGs の達成に向け、世界が直面している課題と、それに対する日本および世界の取組 みについて概観します。
実践日本語トレーニングA,3,「情報、知識、感情、意思」を相手とどのように共有すればビジネスにおけるコミュニケーションや、関係構築がスムーズにできるのかを学ぶ。具体的に は、インターンシップや就職活動等で必要な社会人としての心構えや基本動作、接遇・電話応対等におけるビジネス会話、メールやビジネス文書の作成等、 様々な知識を、グループワーク等を通じて、実践的に身につけていく。
実践日本語トレーニングB,3,社会で通用し、ビジネスや研究の場で必須となる日本語力を身につけ、就職試験や就職後につながる実践的な日本語力を身につける。日本語検定2、3 級の知識、秘書検定2、3級に出てくる日本語やビジネス関連の言葉を学んでいく。授業では、検定問題に解答するだけでなく、人に説明できるレベルま で理解を深めるため、担当者に日本語関連の専門用語について調べ、発表してもらうことも行う。
実用英語Ⅰ,2,読み、聴き、話し、書く能力をバランスよく育て、各自の専門や将来の職業に役立つ知識を習得し、英語力の向上を図る。
実用英語Ⅱ,2,世界共通語としての英語を、各自の専門や将来の職業に役立つように習得し、英語力の向上を図る。
質的調査法,2,質的研究法とは、数値データを分析する量的研究法とは異なり、人の語りや記述などの言語データを分析する研究法である。本講義では質的研究法の基本について、概論の講義と質的研究法を用いた研究論文により学び、その上で代表的な質的研究法のひとつである KJ 法を実際に体験する。
私法学Ⅰ,1,本講義では、私法とは何かを学ぶために、私法の一般法としての民法典を中心に講義を行います。私法の基礎知識を習得するために、講義のテーマは民 法第一編総則の重要な概念を取り上げることとします。これらを通して、法学的な客観的視点で事象を分析し、問題を発見する能力、論理的思考力を養う ことを目的としています。
私法学Ⅰ,1,私法（民法・商法）学び方について概説する。中心となるのは、民法総論となる。そして、商法の領域も見ることとする。日常生活の中での法、とりわけ、法類型の中での私法、財産取引を中心とする。
私法学Ⅰ,1,私法分野の法律問題とくにわれわれの日常生活に関わりの深い民法上の基本的な問題について学習する。下記授業計画で示したように、教師が一方的に口述する講義ではなくて学生参加型の授業なので、それなりの「覚悟」をもって受講することが望まれる。
私法学Ⅱ,1,本講義では、私法とは何かを学ぶために、私法の一般法としての民法典を中心に講義を行います。私法の基礎知識を習得するために、講義のテーマは民 法第一編総則の重要な概念を取り上げることとします。これらを通して、法学的な客観的視点で事象を分析し、問題を発見する能力、論理的思考力を養う ことを目的としています。
私法学Ⅱ,1,私法学Ⅰを基礎とし、私法（民法・商法）学び方について概説する。中心となるのは、民法総論となる。そして、商法の領域も見ることとする。日常生活の中での法、とりわけ、法類型の中での私法、財産法、商法を中心とするが、最後に、家族法についても触れていきたい。
私法学Ⅱ,1,私法学Ⅰに引き続き、私法分野の法律問題とくにわれわれの日常生活に関わりの深い民法上の基本的な問題について学習する。下記の授業計画で示したように、教師が一方的に口述する講義ではなくて学生参加型の授業なので、それなりの「覚悟」をもって受講することが望まれる。
児童家庭福祉,2,現代における児童家庭福祉の意義を理解し、子どもや家庭に対する法制度や行財政、実施機関・施設、歴史的変遷などについて学習する。また子どもの 人権について考え、国際社会や日本における子どもの人権擁護を理解し、少子化社会の現状に対応した施策や子育て支援など、保育士資格に必要な基礎的 知識と最新情報を学んでいく。
児童文学,3,⑴ 児童文学の歴史を代表的作品で学ぶ ⑵ 児童文学を通して子どもたちの心の問題の認識を深める
児童文学研究,4,⑴ 児童文学の歴史を代表的作品で学ぶ ⑵ 児童文学を通して子どもたちの心の問題の認識を深める
社会学,1,社会学では、社会学のベーシックな考え方を身につけることを目的としています。授業は①社会学とは何か②どのように社会の影響をうけているのか（社会化）③社会学的な考え方や手法といった3つの観点を中心に授業をすすめていきます。
社会心理学概論,2,社会心理学はその研究対象が極めて広いため、幾つかのトピックスを取り上げて授業を行う。本授業では主に、個人における対人認知のあり方や、集団 内における対人関係性のあり方、及び集団が個人に対する意見や態度変容を促す要因や仕組みを学ぶ。授業形態は、講義はもちろんであるが履修生の自発 的な関心を高めるために、討議や履修生の発表を中心として行う。
社会心理学実験演習,3,本演習では、社会心理学の基本的な研究方法について、グループでの演習を行いながら学ぶ。基本的には、実験や調査によるデータ取得の方法とあわせてそのデータの解析方法を学び、「問題」「目的」「方法」「結果」「考察」から成る研究レポートを提出していただく。
社会調査研究法演習,3,演習という性質上履修生は10名以内とする本授業では、社会調査研究法のまとめとして、自らが調査を企画し、調査項目の選定から調査票を作成することができ、さらに得られた調査データに基 本的な検定を行い、調査報告書を作成できるまでを授業の到達目標とします。この目標に到達するに当たり、事前に社会調査入門、社会調査法、加えて心 理統計学おける様々な知見が必ず必要となります。本授業においては、講義の部分は極力削減し、各人の演習を中心とします。授業評価は調査報告書の手 続き上での適切さ、結果の処理や考察の完成度を対象として行います。
社会調査入門,1,社会調査とは何か、また調査結果をどのような形で分析に繋げることが出来るのか、という一連の過程を学ぶ。具体的には、得られた調査結果をエクセ ルのシート上に入力することに始まり、各人で初歩の統計法を用いることで調査対象が有する潜在的な特性を明らかにする。社会調査に関わる知識のみに とどまらず、PC を用い、各自で表数計算用のエクセルの活用ができるまでとする。
社会調査法,2,前提科目そ の 他社会調査入門を履修済みであること各自 PC を持参すること社会調査入門では、調査結果が量的数値として得られる場合を学んできたが、本授業では主に郵送調査や電話調査、様々なアンケートにおいて得られる 質的数値での調査法を学ぶ。本授業においては社会調査に関わる知識のみにとどまらず、PC を用い、各自で表数計算用のエクセルの活用ができるまでとす る。
社会的養護,2,本科目では、児童養護施設など、社会的養護を担う児童福祉施設の実践内容について学ぶ。特に児童養護施設の実践を中心に、子どもたちの生活とそれを支える援助者（保育士など）の役割、求められるスキル、社会的養護の実践が抱える課題について、理解を深める。
社会的養護内容,3,本科目では、社会的養護の歴史的変遷や、児童養護施設を中心とした児童福祉施設の現状と課題を理解した上で、子どものウェルビーイングを保障するための、保育士（対人援助職）としての責務と専門職倫理、必要となる援助技術について学ぶ。
社会福祉概論,2,私たちの生活を支える社会福祉の仕組みについて理解し、福祉ニーズや課題についてグループディスカッションを通して思考力を養う。社会福祉の成り 立ちや法制度、福祉サービス等を学び、少子高齢社会への対応について自分の意見を述べられる力を培う。社会福祉や保育等の現場で実践者としての基本 的技術・知識を習得して対応する力をつける。
宗教史,2,4．宗教学とはなにかを理解する。 2．日本の宗教の歴史について、特に日本の宗教について共に学び、考える。 3．「日本の宗教」に関して主体的に考える力を養う。
集団の社会心理学,3,それぞれの集団間において、互いのコミュニケーションを図るために様々なジェスチャーやサイン行動等の表出を行っている。本授業では社会心理学並 びに比較行動学の視点から、主になわばり行動（人間の空間行動）、身体的なサインやノンバーバルコミュニケーション行動を取り上げ、集団を含む社会行 動の意味を理解する。
集団間の対立と和解,3,歴史的に見ても、様々な国や集団間において対立や和解が起きている。これらの対立や和解には、他の集団に対する偏見や社会的な態度が大きく関わっ ている。また偏見や社会的態度を構成する要因としては、様々な社会的な事象や出来事が大きく関与している。本授業においては、対立や和解を生じさせ る各種の要因を取り上げ、我々の社会生活に与える意味と問題点を理解する。
食文化と観光,2,我が国における食文化の現状と特性及び食文化を活かした観光の現状と分析、海外との比較と外国人観光客にとっての食の魅力等を学修することにより、食文化と観光の今後のあり方について探求する。
書道,1,中学校国語科書写の学習指導に必要な知識、技能、指導法を学び、書写指導の必要性と意義を理解する。また、日本の伝統や文化の中で育まれた文字文化について理解し、身の回りの多様な表現に対応する思考力、表現能力を養う。楷書、行書の基本的な書き方を毛筆、硬筆の実習を通して理解する。
情報基礎,1,高校の情報科目の基本的なコンピュータスキルの習得が不十分な学生は必ず履修することを勧める。学生生活において不可欠であるコンピュータおよびインターネットを活用する基本能力の育成を目標とし、コンピュータ利用の基礎となる技術を学ぶと ともに、コンピュータ利用のマナーや情報倫理などを中心に講義を進める。今後、高度情報化社会へ進む上での第一歩を踏み出すための基本について、演 習を通して学習する。
情報検索論,2,ノートパソコンを用意すること情報検索の技術は、大容量の多種多様な情報資源の中から必要な情報を効率的に見つけ出すために重要な基盤技術である。本講義では、情報検索の各種理論の概要とその実現技術について学ぶ。合わせて、具体的な検索対象を想定した演習により、効率的な情報検索方法を理解する。
情報コミュニケーション論,3,本講義は、社会とりわけ情報社会を理解した上で、コミュニケーション技術の基礎とそれにまつわる社会現象上の諸問題を、多角的に理解する。また、企業、個人、地域社会、自治体、マスコミ、それぞれの立場に立った上でのコミュニケーションについて、議論により理解を深める。
情報システム概論,2,情報システムの役割、情報技術、情報リテラシーの必要性、情報収集・加工・分析、情報の表現、論理的思考、ネットワーク化による資源の共有、インターネットの概要、電子メールによる業務の効率化、グループウェアとその機能などについて学習する。
情報職業論,3,現代社会における職業は、情報による DX が進められており、今までのビジネスモデルを理解するとともに、これからのビジネスモデルまでも理解する必要が出てくる。それらビジネスモデルについて、知見を得るとともに、議論により理解を深める。
情報処理概論,1,高校の情報科目の基本的なコンピュータスキルの習得が不十分な学生は必ず履修することを勧める。学生生活において不可欠であるコンピュータおよびインターネットを活用する基本能力の育成を目標とし、コンピュータ利用の基礎となる技術を学ぶと ともに、コンピュータ利用のマナーや情報倫理などを中心に講義を進める。今後、高度情報化社会へ進む上での第一歩を踏み出すための基本について、演 習を通して学習する。
情報セキュリティ概論,3,情報セキュリティの歴史や、暗号の歴史、認証、ウィルス、電子透かし等の脅威や OS、アプリケーション、プログラミングレベルでのセキュリティ対策等の技術的な対策要素について学ぶ。また、技術演習を行い、実際の対策も経験する。
情報セキュリティ論,3,この授業では、情報システムとネットワークなどで重要になっているセキュリティ技術および関連するソフトウェア技術を、コンピュータで実習を行いながら習得する。
情報理論,1,情報データを数理的に取り扱う理論とデジタル表現に変換する方法を学ぶ。次に、デジタル情報データについて、圧縮したり、誤りが生じたときにそれ を検出・訂正したり、情報を暗号化したりする方法について説明する。数値・文字・音声・画像・動画などのさまざまな形態の情報が、その特性に応じて どのような方式でデジタル情報として処理されているかを解説する。
情報倫理,2,情報社会が進展している。その中には、本来知るべき情報のほか、人々が興味を持つことだけが優先されてしまうためにフェイクニュースなども出回っ てしまっている。それは、人としての倫理観が失われているほかならない。本講義では、情報社会における倫理観を知り、醸成するとともに現代社会のニ ュースによるディスカッションを行うことにより理解を深める。
人工知能と未来,3,ノートパソコンを用意すること本講義では、人工知能の全体像とその基礎技術を理解した上で、どのような対象に活用され、またビジネス領域にどのような影響を与えるかを、講義、演習、グループディスカッション、プレゼンテーションを通じて理解する。
人口問題,2,メールおよび授業 Website を定期的にチェックする事ができること人類の始まりから現在に至るまで、これまで約1080億人のヒトが地球上に生を受け、その約⚗％にあたる約70億人が、今、地球上に暮らしています。地 球上に、かつて、これだけの人々が暮らしていた時代はありません。そして、この数は、今後もさらに増え続けると予測されています。本授業では、人口 の増減および人口構成の変化が作り出す社会・経済・環境問題について学習します。
人的資源管理論Ⅰ,3,本講義では事例を活用しながら、企業などの組織における人的資源管理とは何かについて考えてみる。前半は人的資源管理の基本を理解し、後半は人的資源管理の各分野を知る。
人的資源管理論Ⅱ,3,人的資源管理論Ⅰの内容を深め、企業が抱える経営課題を整理しながら人的資源管理の問題を掘り下げる。社会の状況を踏まえつつ、人的資源管理の方向性を考えていく。
人的担保法,3,本講義では、債権総則を中心に講義を行ないます。弁済、債務不履行、責任財産の保全といった債権総則の基本を学習したうえで、人的担保としての保 証を取り上げます。これらを学習することを通して、法学的な客観的視点で事象を分析し、問題を発見する能力、論理的思考力を養うことを目的としてい ます。
心理学,1,この講義は「こころ」の働きを科学的な視点から理解することを目指しています。心理学では、見ることも触れることもできない対象である「こころ」 をどのようにして科学的に捉えようとしているのでしょうか。講義形式で心理学という学問分野のさまざまな領域を概観し、そこで扱われる様々なテーマ に触れることを通じて、これらの分野についての基礎的な知識を習得する。
心理学,1,心理学概論Ⅰでは主に個人の行動の発生の仕組みを考え、人がある行動を起こす際にどの様な心の働きが生じているのか、という点を中心に学びを進め る。授業内容としては、感覚に始まり、錯視を伴う知覚、また我々が見ている世界を意味づける際に必要となる記憶の働きを認知心理学の視点から考える。 加えて性格・パーソナリティや動機付け、及びリーダーシップなど、人間理解に必要となる基礎的な心理学的知識を学び、理解する。
心理学基礎A,1,生物 心理 社会モデルは Engel. G. L. が1970年代に提唱した。現代心理学は、医療・教育・福祉・産業と組織・司法と矯正などの大領域を中心に進化した。見えない心をどのように研究し、そこで蓄積された知見をどのように生活者の支援に応用するかを柱に、実証科学である心理学を解説する。
心理学基礎B,1,心理学の知見は、生活者としての人生を確実に豊かにしていると言えるだろう。そこで基礎心理学から実践心理学への発展の経緯を概観し学ぶことにする。
心理学研究法,1,本講義では、心理学の研究法、心理学の研究論文の検索方法、論文の読み方、論文のまとめ方を学ぶ。
心理学実験演習,3,データによる人間理解の方法を学ぶ。心理学の実験や調査を実施し、その方法論や分析手法を習得する。また、「心理学実験法」で学んだレポートの作成方法を上達させる。
心理学実験法,1,データによる人間理解の方法を学ぶ。心理学の実験や調査を実施し、その方法論や分析手法を習得するとともに、実験・調査内容を適切に報告するためのレポートの書き方を学ぶ。
心理統計法,1,人間の行動は画一的ではなく、状況や個人差によって変化する。こうした行動から人間の心理を検討するために、心理学では統計学的手法が用いられる。この講義では、心理学を学ぶ上で必要とされる基礎的な統計学に関する知識の習得とその実践を学ぶ。
数学,1,この授業では、さまざまな数式の作り方、数式と図を関連づけたグラフ（座標）の書き方について学び、解の導き方を身に付けることによって、数学的思考力の向上を目指します。さらに、線形代数におけるベクトルと行列について学び、大学数学の基礎を身に付けます。
スポーツ実技,4,本講は、様々なスポーツを実践することによって各種目から得られる楽しさや喜びを体験するとともに、健康や体力の維持･増進のために必要な運動を効 果的に実践する基礎を身につけることをねらいとしている。スポーツ種目は、テニス、卓球、バドミントン、ソフトボール、バレーボール、バスケットボ ール、サッカー、フットサルなどを行う予定であるが、ストレッチや基礎体力作りなどについても実践していく。なお、天候の関係で実施する種目を変更 する場合がある。
スポーツ実技,4,本講は、様々なスポーツを実践することによって各種目から得られる楽しさや喜びを体験するとともに、健康や体力の維持･増進のために必要な運動を効果的に実践する基礎を身につけることをねらいとしている。スポーツ種目は、テニス、卓球、バドミントン、ソフトボール、バレーボール、バスケットボール、フットサルなどを行う予定であるが、ストレッチや基礎体力作りなどについても実践していく。なお、天候の関係で実施する種目を変更する場合がある。
スポーツ実技A,1,本講は、様々なスポーツを実践することによって各種目から得られる楽しさや喜びを体験するとともに、健康や体力の維持･増進のために必要な運動を効果的に実践する基礎を身につけることをねらいとしている。スポーツ種目は、テニス、卓球、バドミントン、ソフトボールなどを行う予定であるが、ストレッチや基礎体力作りなどについても実践していく。なお、天候の関係で実施する種目を変更する場合がある。
スポーツ実技A,1,本講は、様々なスポーツを実践することによって各種目から得られる楽しさや喜びを体験するとともに、健康や体力の維持･増進のために必要な運動を効果的に実践する基礎を身につけることをねらいとしている。スポーツ種目は、テニス、卓球、バドミントン、ソフトボールなどを行う予定であるが、ストレッチや基礎体力作りなどについても実践していく。なお、天候の関係で実施する種目を変更する場合がある。
スポーツ実技B,1,本講は、様々なスポーツを実践することによって各種目から得られる楽しさや喜びを体験するとともに、健康や体力の維持･増進のために必要な運動を効果的に実践する基礎を身につけることをねらいとしている。スポーツ種目は、バスケットボール、バレーボール、サッカー、フットサルなどを行う予定であるが、ストレッチや基礎体力作りなどについても実践していく。なお、天候の関係で実施する種目を変更する場合がある。
スポーツ実技B,1,本講は、様々なスポーツを実践することによって各種目から得られる楽しさや喜びを体験するとともに、健康や体力の維持･増進のために必要な運動を効果的に実践する基礎を身につけることをねらいとしている。スポーツ種目は、バレーボール、バスケットボール、フットサルなどを行う予定であるが、ストレッチや基礎体力作りなどについても実践していく。なお、天候の関係で実施する種目を変更する場合がある。
スポーツ論,1,「健康である」ということは、生涯において深く関わることであり、充実した生活を送るための基盤となっていることである。本講は、「健康づくりのためのスポーツ」または「スポーツを介した健康づくり」について学び、自らの健康について考え、より豊かな生活を送るための知識や方法を身につけることを目的としている。
図画工作（子どもと造形）,3,『幼稚園教育要領』『幼保連携型こども園教育・保育要領』『保育所保育指針』資料等により、子どもと造形についての基礎的な事項を学ぶ。さらに具体的な造形活動を実践し、基礎的な造形技能を身に付ける。加えて、造形活動に必要な材料・用具を使って、造形表現について、より技能を高めていく。
性格心理学,2,人は誰でも自分らしくありたいと思うでしょう。しかし、自分ほどわからないものはありません。本講座では、自身の性格（パーソナリティ）や、個性について考えるとともに他者理解の手掛かりとして「性格」を心理学的視点から学んでいきます。
政治学,1,意見の異なる人々と「ともにうまくやっていく」ために、人々は「政治」を行い、その政治からさまざまな考え方やルール、集団の中の在り方などが模索されてきました。ただ、ともにうまくやっていくための「政治」は時として我々の生活に暴力的な形で介入することもあります。一体、政治とはなんなのか、これを問い続けているのが「政治学」です。この授業では、政治学の基礎的な知識や考え方を習得することを通じて、自分の周りの「政治」を改めて認識・理解する視点を提供します。
政治学,1,新聞、テレビ、インターネットなどにあるニュース素材を使いながら、政治、また政治学とは何かという問いにアプローチしていきます。前半は、民主主義における「政治過程」というものをイメージしながら、政治を理解することを目指します。後半は、日本の大学で学ぶ政治学の主要分野を概略していきます。
政治学,1,本講義では政治とはどのような営みであるかを学習する。最初に政治の基本理念や歴史、具体的な政治制度について解説し、それらの知識を踏まえつつ政治や政治学が直面している具体的な課題を検討していく。
成人・老年期の心理,2,高齢期に至る前の成人期を踏まえていかに人生後半を生きるべきかを考えていく。長い高齢期間がもたらす諸問題について検証し、人生の集大成である高齢期を支えることは、将来の自分たちを見通すことであることを生涯発達的な視点から学び、考えていく。
青年期の心理,3,青年期は、子どもからおとなへの移行期であり、身体、対人関係、環境等に大きな変化を経験する時期である。本講義では、そうした青年期について、生涯発達の中の位置づけ、特有の認知・感情、対人関係の有り様などを、理論やワークを通して学ぶ。
生物学,1,生物学は、生命現象を対象として異なる生命体に共通する部分と共通しない部分の識別・追求から始まり、発展してきた。内容は分子レベルにまで達しているが、詳細（ミクロ）追求のみでは、全体像（マクロ）を見失う場合もあるので、両者のバランスを保ちつつ認識を培う。なお、授業は板書で行い、必要に応じて資料を配布し、パワーポイントなどで説明する。
造形で遊ぶ（造形表現）,2,これまでに学んだ造形表現のための知識と技能を基礎とし、領域「表現」のねらいや内容に沿った、保育の造形活動について考える。幼児の発達に応じた、課題の設定、教材の選択、画材や道具の使い方を確認するとともに、環境構成についても考え、課題設定や教材研究、指導計画の立案と展開、保育活動の実践を想定した授業を行う。
総合ゼミⅠ,3,学術論文としての卒業論文が執筆できるように、論理学（論理的思考力、「論証」「論拠」「前提」「根拠」「結論」「演繹的論証」「帰納的論証」「単純論証」「結合論証」「合流論証」）について説明し、自己肯定感と自己効力感を高め、アクティブ・ラーニング（主体的・対話的で深い学び）によって、人格形成（モラルの向上）をさせ、人間力（力強く生きていくための力）を養成する。「主体的な学び」への意識の転換を図り、論理的思考力と論文執筆力を身につけさせる。自己肯定感と自己効力感を高め、この授業では、私伊藤幹彦の台湾居住16年（私は国立台湾大学で博士号を取得し、台湾の大学で11年准教授）の経験から得た台湾における実際の生きる力（儒教思想でいう人徳者になること）も説明する。
総合ゼミⅠ,3,少人数のクラスを編成し、担当教員の指導のもとで、コミュニケーション・スキル、自己管理力、就職力、チームワーク、リーダーシップの向上を図る。講義方式による指導ではなく、課題を与え学生自らがそれを解き、教員と学生相互の討議によるフォローアップによるレベルアップを図る方式で進める。以下の「授業内容及び計画」は一応の目安であり、具体的な実施内容は各担当教員の指導に基づく。履修者は初回講義に必ず出席する事（欠席した場合には履修を認めない）。
総合ゼミⅠ,3,少人数のクラスを編成し、担当教員の指導のもとで、コミュニケーション・スキル、自己管理力、就職力、チームワーク、リーダーシップの向上を図る。講義方式による指導ではなく、課題を与え学生自らがそれを解き、教員と学生相互の討議によるフォローアップによるレベルアップを図る方式で進める。以下の「授業内容及び計画」は一応の目安であり、具体的な実施内容は各担当教員の指導に基づく。履修者は初回講義に必ず出席する事（欠席した場合には履修を認めない）。
総合ゼミⅡ,4,担当教員の指導のもとで、多方面の研究活動を行います。総合ゼミⅠの延長上にあるため、各担当教員の指示を受けて下さい。
総合ゼミⅡ,4,担当教員の指導のもとで、多方面の研究活動を行います。総合ゼミⅠの延長上にあるため、各担当教員の指示を受けて下さい。
総合ゼミⅡ,4,担当教員の指導のもとで、多方面の研究活動を行います。総合ゼミⅠの延長上にあるため、各担当教員の指示を受けて下さい。
相続法,3,本講義では、民法第五編相続を中心に講義を行ないます。相続法の法定原則、共同相続、遺言、遺贈、遺留分減殺請求権を中心に親族法が主要なテーマとなります。これらを学習することを通して、法学的な客観的視点で事象を分析し、問題を発見する能力、論理的思考力を養うことを目的としています。
組織心理学,2,現在は産業・組織心理学として社会に認知されており、本授業も産業心理学とは不可分の関係にある。そこで本授業では、組織とは何かから始め、組織内において生じる対人関係の在り方、精神的ストレスの定義と対処法、生理的特性や動機づけ、及び作業行動の発生過程までを学ぶ。授業形態は講義を中心とするが、随時討議や実習も行い、「分かりやすい授業」を目指す。
租税法Ⅰ,3,科目分類専門科目物の売買や金銭の授受など、我々が経済取引をすると当該金銭の法的性質に応じて必ず種々の課税関係が生じます。租税法を学ぶことで、我々の租税負担を予測して経済活動をすることは自己の財産権を守るために不可欠です。本授業では、租税法のうち、租税法の基本原則、所得税法などの租税債権債務の発生等を規律する租税実体法を中心に講義します。
租税法Ⅰ,3,租税は経済生活のほとんどの局面に深い関わりをもつため、私たちは、通常、経済取引を行う場合、租税の問題を考慮することなしには経済的意思決定を行うことはできない。また、原則として、第一次的に納税者自らが課税標準及び税額を計算し、申告・納付しなければならないことから、当然に租税法を理解していることが要求される。そこで本講義では、租税法の基礎的知識修得のため、下記の内容について租税判例研究を交えて体系的に説明していく。また、租税の時事問題にも触れ、租税に関する幅広い知識を修得する。
租税法Ⅱ,3,科目分類専門科目法人間の経済的取引や相続・贈与による財産の移転など、我々が経済取引等を行い、課税要件を充足すると必ず課税関係が生じます。租税法を学ぶことで、我々の租税負担を予測して経済活動をすることは自己の財産権を守るために不可欠です。本授業では、租税法のうち、法人・相続税法などの租税実体法を中心に講義します。
租税法Ⅱ,3,租税法Ⅰの履修を前提に、租税実体法、特に所得課税制度の基礎である所得税法・法人税法、さらに消費税法・相続税法に関する基礎的知識修得のため、下記の内容について租税判例研究を交えて説明する。また、租税の時事問題にも触れ、租税に関する幅広い知識を修得する。
対人関係の心理学,2,本講義では、日常生活における対人関係で何が起こっているのかについて、心理学の理論やワークを通して学ぶ。
多変量解析法入門,3,統計解析において多変量解析法が用いられることは多く、多変量解析法による分析の結果を読みこなせるようになることにより、客観的記述を正確に理解することができるようになるだろう。本授業では、多変量解析法として、因子分析、二元配置の分散分析、重回帰分析／パス解析を取り上げる。前半では多変量解析を用いた論文の読み方を学んだ上で分析の実際を体験する。そして後半では、自分たちが立てた問いに基づく調査を実施して、データを分析し、結果をまとめ、発表し、レポートにまとめるといった一連の研究のプロセスを体験する。
地域観光論,3,国内観光に関する「基本のキ」の習得を徹底するので、2年次前期に受講することを奨める。南北に長いわが国の観光資源を地域単位で整理し、日本の多様な魅力を知る。毎回、シート（授業時配布する用紙）に学んだ内容をまとめる。ここでは、23都道府県を学ぶ。15回の授業分を4冊にまとめ、観光振興について学ぶ貴重な資料として、活用してもらいたい。地域観光論Ⅱで残り24府県に取り組む。
地域観光論Ⅰ,1,国内観光に関する「基本のキ」の習得を徹底するので、4年次に受講することを奨める南北に長いわが国の観光資源を地域単位で整理し、日本の多様な魅力を知る。毎回、シート（授業時配布する用紙）に学んだ内容をまとめる。地域観光論Ⅰで23都道府県を学ぶ。15回の授業分を4冊にまとめ、観光振興について学ぶ貴重な資料として、活用してもらいたい。地域観光論Ⅱで24府県に取り組むので続けて履修することを薦める。
地域観光論Ⅱ,1,国内観光に関する「基本のキ」の習得を徹底するので、4年次に受講することを奨める。南北に長いわが国の観光資源を地域単位で整理し、日本の多様な魅力を知る。毎回、シート（授業時配布する用紙）に学んだ内容をまとめる。15回の授業分を4冊にまとめ、観光振興について学ぶ貴重な資料として、活用してもらいたい。
地域振興論,3,地域振興の概念を説明し、わが国の地域振興の成立と内容を概説する。次に、地域振興の基本的課題である産業振興、コミュニティの育成、地域資源のブランド化などを、都市・地域環境の基幹的計画である国土計画・都市計画を俯瞰しながら論ずる。そして、地域振興と観光振興の関係性を考察し、今後の観光振興のありかたについて説明する。講義は、「実習」を含み、講義内容の理解を深める。また、予習・復習に関しては講義において詳細に指示する。
地域振興論Ⅰ,3,地域振興の概念を説明し、わが国の地域振興の成立と内容を概説する。次に、地域振興の基本的課題である産業振興、コミュニティの育成、地域資源のブランド化などを、都市・地域環境の基幹的計画である国土計画・都市計画を俯瞰しながら論ずる。そして、地域振興と観光振興の関係性を考察し、今後の観光振興のありかたについて説明する。講義は、「実習」を含み、講義内容の理解を深める。また、予習・復習に関しては講義において詳細に指示する。
地域振興論Ⅱ,3,地域振興の概念を説明し、わが国の地域振興の成立ちと内容を概説する。本講義の目的は、地域振興・観光振興を推進する上で必要な計画、調査等における基礎的知識を修得することにある。まず、地域振興・観光振興の具体的事例を提示して、両者の関係性を論ずる。また、観光領域から、地域振興を考える事例を示し、「具体的な調査手法」・「調査による成果」を「実習」を通し提示する。また、予習・復習に関しては講義において詳細に指示する。
地域文化史Ⅰ,2,東アジア、とりわけ日本の文化を歴史的な視点から捉えなおすことが、本講義の目的になる。
地域文化史Ⅱ,2,前期の地域文化史Ⅰをベースに、範囲を拡大し、東南アジアまでを視野に入れていく。
地域文化論,2,多様な地域文化の捉え方を理解し、様々な地域文化の構成要素である文化資源の保存と活用事例を学んでいく。その背景にある国や地方自治体の取り組みや、保存、活用のための法律等を理解する。実際に皆さんが住む地域の文化資源をどのようにリストアップするか学び、活用方法を自分たちで考える。地域文化の保護と活用、活性化の手段について学ぶ。
地域文化論,2,グローバル社会となった今日、私たちはさまざまな国籍や文化を有する人々とともに社会活動をすることが当たり前になっている。そして他者を受け入れ、自分は何者なのかを分かりやすく表現する能力が求められている。よって本講座では、私たちの身近で起きるさまざまな事例をもとに異文化に触れることの意義と課題を考え、国際社会で通用する表現力を高めるきっかけを提供する。
地域文化論Ⅰ,2,多様な地域文化の捉え方を理解し、様々な地域文化の構成要素である文化資源の保存と活用事例を学んでいく。その背景にある国や地方自治体の取り組みや、保存、活用のための法律等を理解する。実際に皆さんが住む地域の文化資源をどのようにリストアップするか学び、活用方法を自分たちで考える。地域文化の保護と活用、活性化の手段について学ぶ。
地域文化論Ⅰ,2,グローバル社会となった今日、私たちはさまざまな国籍や文化を有する人々とともに社会活動をすることが当たり前になっている。そして他者を受け入れ、自分は何者なのかを分かりやすく表現する能力が求められている。よって本講座では、私たちの身近で起きるさまざまな事例をもとに異文化に触れることの意義と課題を考え、国際社会で通用する表現力を高めるきっかけを提供する。
地域文化論Ⅱ,2,様々な地域文化の構成要素である多様な文化資源の関係性を学んでいく。地域文化の捉え方を理解し、その背景にある国や地方自治体の取り組みや、保存、活用のための法律等をどのように活用することが出来るのか考える。実際の地域文化による地域活性化事例を確認して、分析する。
地域文化論Ⅱ,2,グローバル社会となった今日、私たちはさまざまな国籍や文化を有する人々とともに社会活動をすることが当たり前になっている。そして他者を受け入れ、自分は何者なのかを分かりやすく表現する能力が求められている。よって本講座では、私たちの身近で起きるさまざまな事例をもとに異文化に触れることの意義と課題を考え、国際社会で通用する表現力を高めるきっかけを提供する。
着地型・発地型観光論Ⅰ,3,映像でイメージを掴み、着地型観光の特性を理解した上でメリットとデメリットを討議。
着地型・発地型観光論Ⅱ,3,映像によりイメージを掴み、発地型観光の多様な形態を学び、そのメリットとデメリットを討議する。
中級簿記Ⅰ,4,中級簿記では、簿記原理Ⅰ・Ⅱに続き、簿記の基本的な知識を理解したうえで、日商簿記2級レベルの商業簿記の知識・技術について授業を行う。そのため、簿記原理Ⅰ・Ⅱを履修している必要がある。
中級簿記Ⅱ,4,中級簿記では、簿記原理Ⅰ・Ⅱに続き、簿記の基本的な知識を理解したうえで、日商簿記2級レベルの商業簿記の知識・技術について授業を行う。そのため、簿記原理Ⅰ・Ⅱを履修している必要である。また、中級簿記Ⅰのつづきの科目であるため、中級簿記Ⅰも履修している必要がある。
中国語Ⅰ,1,本講義では中国語の発音から初めて、正しい発音の仕方を身につけるようにしていきます。そして、中国語の日常会話を中心とする簡単な挨拶や会話を学びます。
中国語Ⅰ,1,中国語の基礎を習得するためのクラスである。中国語を正しく発音でき、同時に正確に聞き取れるように訓練する。その上、基礎的な文法を学び、会話練習や作文などを平行して行うことを通じて中国語の基礎ミュニケーション力を高める。
中国語Ⅰ,1,中国語を学ぶ上で，発音が難しいことはよく知られているが，「文法の体系がよくわからない」，「どう表現すれば正しいのか」という声もよく聞かれている。本授業はこうしたことを考慮し，できるだけ丁寧に解説する。
中国語Ⅱ,1,中国語は発音が大事です。中国語コミュニケーションⅠで学んだ発音を確認した後、Ⅰで学習した内容をベースに基礎的な文法を学びつつ、単語の知識を増やしていきます。大学で留学生との日常会話ができるような力を身につけていきます。
中国語Ⅱ,1,中国語Ⅰの基礎を習得した受講者のための初級クラスである。中国語を正しく発音でき、同時に正確に聞き取れるように訓練する。その上、基礎的な文法を学び、会話練習や作文などを平行して行うことを通じて中国語の基礎ミュニケーション力を高める。
中国語Ⅱ,1,中国語を学ぶ上で，発音が難しいことはよく知られているが，「文法の体系がよくわからない」，「どう表現すれば正しいのか」という声もよく聞かれている。本授業はこうしたことを考慮し，できるだけ丁寧に解説する。
中国語コミュニケーション,2,基本的な文法・文型を整理しながら、平易な中国語文が正確に作れるように、会話体・文章体の両面から指導する。読む・聞く・話す・書くことの指導を段階的に進めていく。より楽しく中国語を勉強ができることで、中国語のプレゼン能力を高める。
中国文化研究A,2,中国は、地理的に日本に近く、似たような文化を持っている反面、全く異なった自然環境、歴史、文化、生活習慣、社会も併せ持っている。そのような隣国―中国の歴史、さまざまな地域・民族の文化、人々の生活様式を知る。授業は、講義、映像資料の視聴、討論、質疑応答、発表などを組み合わせて行う
中国文化研究B,2,中国は、地理的に日本に近く、似たような文化を持っている反面、全く異なった自然環境、歴史、文化、生活習慣、社会も併せ持っている。そのような隣国―中国の歴史、さまざまな地域・民族の文化、人々の生活様式を前期の講義で学ぶ。後期は、受講者に自分の興味や関心のあるテーマや問題を決めてもらい、個別に調べてまとめ、発表してもらう。
調査研究,3,「エスノグラフィック・フィールドワーク」調査法（調査法の種類と特徴、問いの設定、調査対象設定、調査計画、文献検討、先行研究分析、倫理審査、参与観察、インタビュー、フィールドノート、データ分析、報告書作成）のプロセスを習得します。
地理学,1,地理学は系統地理学と地誌学に分かれ、系統地理学は自然地理学と人文地理学に細分化する。本授業では、系統地理学の観点から自然と人間との関わり合いと、現代世界の生活文化、地域問題の現状について学ぶ。
地理情報システム,3,ノートパソコンを用意すること。この授業では、地理情報システム（GIS）の基礎知識を学び、身の回りの事例やオープンデータを用いて、実際にGISを活用する方法を習得することを目的とします。具体的には、地図とGISの関係を理解し、地図データと地図上の事物、現象の属性データを統合してデータベース化し、それを検索、分析、可視化することを目指します。そのために、GISの基本操作、空間分析の方法を身に付けます。
ディスカッション,2,ディスカッションのトレーニングを行なう。グループディスカッションの手順を知る。意見の述べ方、反論のしかた、意見のまとめ(総括)のしかたを知り、トレーニングする。ディベートの実践、分析も同様に行なう。コミュニケーションにおける自己の特徴を理解し、弱点改善のためのトレーニングを行なう。
データサイエンス,3,近年、ビッグデータやデータサイエンティストというキーワードが着目されているが、その本質はデータ分析技術だけでなく、ビジネス課題における意思決定にいかに有効に活用することができるかが重要なポイントである。本講義では、データサイエンスに関連する技術動向について学ぶとともに、サンプルデータによる演習課題を通して、データ分析に必要となる基礎技術とその活用法を学ぶ。
データサイエンスの統計学,1,近年、データ分析を専門とするデータサイエンティストという職種が着目されているが、統計学はデータサイエンティストだけでなく、一般のビジネスパーソンにとっても必要な基礎知識である。本講義では、統計学の基礎知識とサンプルデータによる演習課題を通してその活用法を学ぶ。
データサイエンスⅠ,2,近年、ビッグデータやデータサイエンティストというキーワードが着目されているが、その本質はデータ分析技術だけでなく、ビジネス課題における意思決定にいかに有効に活用することができるかが重要なポイントである。本講義では、データサイエンスに関連する技術動向について学ぶとともに、サンプルデータによる演習課題を通して、データ分析に必要となる基礎技術とその活用法を学ぶ。
データ処理,1,主に表計算ソフトを利用して、コンピュータにおけるデータ処理・分析について学習する。科目分類基礎科目（メディア以外）専門科目（メディア）
データ処理入門,4,心理学研究で使用される基本的な統計分析手法を表計算ソフト（MSExcel）などを用いて学ぶ。統計学の理論に関する学習だけでなくサンプルデータなどを用いて実際に分析作業を体験する。また、分析結果の意味を正しく理解し、その結果を的確にまとめるトレーニングを行う。
データマイニング,2,「データマイニング」とは多量のデータから新たな知見・知識を得ることを意味する「マイニング」とは「採鉱」であり，語源の通り鉱山から金鉱を掘り当てるという行為に似た作業である本講義では「データマイニング」とはなにか，その実現技術とはどのようなものかを学ぶとともに、サンプルデータによる演習課題を通して、データ分析に必要となる基礎技術とその活用法を学ぶ。
データモデリング,2,MicrosoftAccessがインストールされたノートパソコンを用意すること。この授業では、データモデリングの枠組みについて学び、社会にあふれている膨大なデータを一定のルールに基づいて整理し、価値ある情報にするためのデータモデリングの手法を身に付けます。また、データベースを操作するためのSQLの基礎を学び、実際に、データモデリングによってデータベースを構築することを目指します。
デジタル技術と産業Ⅰ,2,"本講義の目的は、観光産業に関する基礎的な知識を修得し観光産業の果たす役割と今後の観光産業のあり方についての理解を深めることにより観光産業の振興を図る創造的な能力と態度を育てることにある。そのために、観光産業の「観光学の枠組みでの位置づけ」・「新たな観光産業の形態」や「観光産業とその他のセクターとの関係性」について講義をする。当該講義は、MICE(Meeting,Incentivetour,Convention,Exhibition)やDMO(Destinationmanagementorganization)に言及し、問題解決的学修（PBL）に関する方法にて今後の観光産業の有り方を論ずる。また、予習・復習に関しては講義において詳細に指示する。"
デジタル社会とコミュニケーション,2,本講義は、社会とりわけ情報社会を理解した上で、コミュニケーション技術の基礎とそれにまつわる社会現象上の諸問題を、多角的に理解する。また、企業、個人、地域社会、自治体、マスコミ、それぞれの立場に立った上でのコミュニケーションについて、議論により理解を深める。
デジタル社会と人間,2,講義においてはデジタル社会を必ずしも自明なものと看做さず、アナログ社会をも含めた視座から、人間と社会に関する理論を俯瞰する。そのうえで、履修者が各々考察を加え、意見を提起してもらいたい。詳細については以下の「授業内容及び計画」を参照されたい。
デジタル社会論,2,デジタル社会という言葉が広く使われています。しかし、その実際の姿はどのようなものなのでしょうか？この講義では、最近のデジタル社会の議論に触れながら、その社会について様々な角度から考察を試みます。後半は社会学の視点から、デジタル社会とそれ以前の社会を比較分析する視点を養い、幅広くデジタル社会に関わるための見識を身に付けます。
デジタルとエンターテイメント産業,2,日本のゲーム産業の誕生から現在までの経緯を通じて、ゲームの歴史とその変遷を理解します。・11回からはゲームの成長とコミック・アニメ等の他のメディアとの提携を通じてデジタル産業の拡大について学びます。・15回はゲームのプロジェクトの立ち上げ方についての序章となっています。
デジタル認証技術基礎,1,現代社会においてデジタル認証技術は、情報システムや情報資産を維持・管理するために、さまざまな危険・脅威から保護するか定め運用・管理する一連のプロセスのことを言う。この授業では情報セキュリティ対策を実施するうえで、どのような情報をどのように保護していくかを定めた基本方針のことを学習ながらデジタル認証技術基礎を習得する。
哲学,1,哲学とは、人間と世界との関わりをめぐってなされた先人の知的営為を体系化した学である。本講ではその成り立ちにつき、歴史の展開に即しトータルに把握できるよう講義を進めたい。
デュアルキャリアマネジメント,4,本授業においては、生涯キャリア発達の視点から、前半ではキャリア発達およびキャリア形成に関する指導・支援の在り方について理解し、後半では、個別ワークも行いながら学生諸君のキャリアデザインについて学ぶ。
伝統文化,1,日本人は、海に囲まれた島国で、四季折々の豊かな自然とともに暮らしてきました。有形、無形を問わず、世代を超えて受け継がれてきた文化がたくさんあります。本講義では、日本人の日常生活の中にある伝統文化を学んでいきます。
ドイツ語Ｉ,1,本講は初学者を対象とし、ドイツ語の総合的な能力を習得する。詳細については以下の「授業内容及び計画」を参照されたい。語学学習では出席が肝要である。定刻より20分以上経過した遅刻は欠席と看做す。欠席が⚕回に達した時点で定期試験受験資格を喪い、「不可」の評価が下される。なお履修登録遅滞・疾病・葬祭・実習・対外試合・就職活動等を含むいかなる欠席も「公欠」とはならない。
ドイツ語Ⅰ,1,コミュニケーションは会話のみならず、相手を理解し、自らを理解して貰うための努力の上に成立するものである。そのため、まず相手に理解して貰えるように、出来るだけ正確な発音を徹底的に繰り返し練習する。その上で相手との簡単な挨拶、簡単な表現を学び、反復することでコミュニケーション能力を高める。またドイツ語の構造がどのようになっているかを理解するようにする。ドイツ語自体への関心（言葉の起源や由来、社会の中での意味など）を深め、さらに言語を通してドイツ社会、ドイツ語圏の世界の理解を深める。
ドイツ語Ⅱ,1,本講は、前期「ドイツ語Ⅰ」の単位を修得した者を対象とする。詳細については以下の「授業内容及び計画」を参照されたい。語学学習では出席が肝要である。定刻より20分以上経過した遅刻は欠席と看做す。欠席が⚕回に達した時点で定期試験受験資格を喪い、「不可」の評価が下される。なお履修登録遅滞・疾病・葬祭・実習・対外試合・就職活動等を含むいかなる欠席も「公欠」とはならない。
ドイツ語Ⅱ,1,簡単な言葉で自分と他者、自らの日常生活を紹介出来るようにする。相手のやさしいドイツ語を聞き取り、これに応答出来るようにする。基本的なドイツ語の構造を理解することにより、読解力を養う。現代ドイツの政治、社会、経済、文化、音楽、芸術、観光、あるいはスポーツ（サッカー、テニスなど）など、そしてEUの中のドイツの存在、ドイツの抱える諸問題について知り、日本との比較をする。
統計学,1,近年、データ分析を専門とするデータサイエンティストという職種が着目されているが、統計学はデータサイエンティストだけでなく、一般のビジネスパーソンにとっても必要な基礎知識である。本講義では、統計学の基礎知識とサンプルデータによる演習課題を通してその活用法を学ぶ。
動画制作・メディア配信技術,2,教室によってはノートバソコンが必要である動画制作とメディア配信の基本的な技術と理論、すなわち、映像の撮影、編集、オーディオ制作、特殊効果、脚本作成、ライブストリーミング、デジタル配信、著作権にかかわる技術と理論について、講義、演習を通して学ぶ。
読書と豊かな人間性,3,⑴発達段階に応じた読書教育の理念と学校図書館の在り方、司書教諭の役割を理解する。⑵読書会、ブックトークと学習指導との関わりを重点的に演習する。
特別の支援を必要とする幼児理解(障がい児保育),2,心身の成り立ちと発達のプロセスについての理解をもとに、発達上の障害・偏り・養育上の問題などにより、特別の支援を要する幼児の状態像について学ぶ。さらに特別支援教育に関する制度の理念や仕組み、関係機関・家庭との連携のあり方を学び、さまざまな事例をもとに適切な支援方法を検討する。
日本近世文化,2,（近世文化）4江戸学とは何かを理解する。2江戸の歴史と文化について学び、考える。3「江戸」に関して主体的に考える力を養う。
日本芸能史,3,・相模人形芝居長谷座の公演に参加し、「三番叟」などを通して、地域の芸能文化の継承を体験する。・厚木市の伝統芸能と現代のジャズとの新統合芸能祭（’ez）の企画に参加する（人形遣い、裏方、会場係など）
日本芸能論,3,・朗読の基礎を演習で学ぶ。・演劇教育の竹内敏晴、平田オリザの演技論を基にワークショップをおこなう。・世阿弥の「風姿花伝」をテキストとして、演劇論を理解する。
日本芸能論A,4,・朗読の基礎を演習で学ぶ。・演劇教育の竹内敏晴、平田オリザの演技論を基にワークショップをおこなう。・世阿弥の「風姿花伝」をテキストとして、演劇論を理解する。
日本芸能論B,4,・相模人形芝居長谷座の公演に参加し、「三番叟」などを通して、地域の芸能文化の継承を体験する。・厚木市の伝統芸能と現代のジャズとの新統合芸能祭（’ez）の企画に参加する（人形遣い、裏方、会場係など）
日本交流史,3,沖縄文化研究を受けて、後期ではその範囲を宮古地域に限定して考察します。防衛問題の議論によくみられる「本土沖縄」という二分法では見えにくい沖縄の姿を、宮古地域を中心にすえることで違う見方ができるのではないだろうかという視点から授業を進めていきます。
日本古代史,2,万葉の時代といえば、日本史の時代区分でいえば古代といえる。万葉集には、時代が判明している仁徳天皇から奈良時代末期までである。その時代の状況や文化を万葉集の歌を通して理解しながら、学生のプレゼンテーションを交えながら進める。
日本語Ⅰ,1,・大学での勉学・生活に必要な日本語力を総合的に身につけるために、「聞く」「話す」「読む」「書く」の練習をする。・受講生の日本語力に応じて、どのような練習に比重を置くかを決める。したがって、授業内容が変更になることもある。
日本語Ⅱ,1,・大学での勉学・生活に必要な日本語力を総合的に身につけるために、「聞く」「話す」「読む」「書く」の練習をする。・受講生の日本語力に応じて、どのような練習に比重を置くかを決める。したがって、授業内容が変更になることもある。
日本語Ⅲ,1,留学生大学での勉学・生活に必要な日本語力を総合的に伸ばすために、聴解・読解・作文・会話など、さまざまな練習をする。受講生の状況や希望に応じて、どのような練習に比重を置くかを決める。小テストを数回行う
日本語Ⅳ,1,大学での勉学・生活に必要な日本語力を総合的に伸ばすために、聴解・読解・作文・会話など、さまざまな練習をする。受講生の状況や希望に応じて、どのような練習に比重を置くかを決める。小テストを数回行う
日本語演習,4,「情報、知識、感情、意思」を相手とどのように共有すればビジネスにおけるコミュニケーションや、関係構築がスムーズにできるのかを学ぶ。具体的には、インターンシップや就職活動等で必要な社会人としての心構えや基本動作、接遇・電話応対等におけるビジネス会話、メールやビジネス文書の作成等、様々な知識を、グループワーク等を通じて、実践的に身につけていく。
日本語概論,1,日本語の使用例をもとに、日本語の音声・音韻、語彙、文法、文字・表記などについて考察する。また、日常・個別の言語事象を全体の体系と関係づけ て考え、日本語に対する関心を深める。
日本語学（音声・音韻）,2,私たちは、日本語の音、たとえば「ア」「カ」「サ」「タ」……など、それぞれをどのように作って発音しているのだろうか。この授業では、それぞれの音の発音のしくみを学ぶ。また、日本語・英語・中国語など、言語によって区別する音が異なるが、日本語はどの音を区別し、どの音を区別しないのかについても考える。
日本語学（語彙）,2,語彙を量的・意論的・形態的に分析する方法を学ぶ。
日本語学（待遇表現）,3,・待遇表現に関する資料を読み、敬語・軽卑語・尊大語、ポライトネス、配慮表現、婉曲・間接表現について考える。・待遇表現の使用例を機能・適切性の点から分析する。・待遇表現を使う練習も行う。
日本語学（文学）,2,文字に関する知識、漢字に関する知識を深める。日本語において、漢字という文字は、どのような存在なのかを、履修者自らに考えてもらう。漢字力・語彙力を高めることも行なうが、ただ難しい漢字・語彙を覚えるのではなく、今後、日本語のなかで、どのように漢字を使っていくべきなのかを各自考える。
日本語学（文法）,2,・小学校、中学校で教えられている国語・口語文法を、教える立場から学ぶ。・日本語教育で使われる文法を学ぶ。・私たちがふだん使っている日本語を考察の対象として客体化し、分析する。
日本語教育実習,3,前提科目その他日本語教授法、日本語教育方法論Ⅰ・Ⅱ、日本語教育実習指導日本語教員養成課程履修者これまで学んだ日本語教育関する知識・技能を実践の場で生かしていくために、教育実習に参加する。実習先を選び、実習のための周到な準備を行い、教壇実習を行う。事後学習として、実習で学んだことを、これからの教授活動に生かしていくための方法を考える。実習先の実習プログラムにより、実習内容に変更が生じる場合がある。
日本語教育実習指導,2,「日本語教育方法論Ⅱ」の次の段階という位置づけで、初級半ば以降の模擬授業を行って、効果的な教授活動が実践できるようにする。「教育実習」へ向けて、具体的で実践的な指導方法を学び、初級の授業を行うことができる力をつける。
日本語教育方法論Ⅰ,1,日本語教員養成課程に登録した学生向けの授業であり、「日本語教授法」を履修済みであることを前提とする。初級の教え方を中心に、学習項目や活動のさせ方、教具・教材について検討していく。そして、日本語教育に必要とされる知識・技能を身につける。
日本語教育方法論Ⅱ,2,日本語を外国語として教える具体的な方法を学ぶ。「日本語教育方法論Ⅰ」の次の段階という位置づけで、より多くの教室活動を知り、初級中期の模擬授業を行って教えることに慣れる。
日本語教授法,2,グローバル化の進展により人やモノの移動が盛んになる中で、どのような人たちがどのような日本語を必要としているのか。また、日本語でのコミュニケーション実現のために、外国語としての日本語をどのように伝えていったらいいのか。このようなことを学ぶ。
日本語研究A,4,・小学校、中学校で教えられている国語・口語文法を、教える立場から学ぶ。・日本語教育で使われる文法を学ぶ。・私たちがふだん使っている日本語を考察の対象として客体化し、分析する。
日本語研究B,4,・待遇表現に関する資料を読み、敬語・軽卑語・尊大語、ポライトネス、配慮表現、婉曲・間接表現について考える。・待遇表現の使用例を機能・適切性の点から分析する。・待遇表現を使う練習も行う。
日本語研究C,4,私たちは、日本語の音、たとえば「ア」「カ」「サ」「タ」……など、それぞれをどのように作って発音しているのだろうか。この授業では、それぞれの音の発音のしくみを学ぶ。また、日本語・英語・中国語など、言語によって区別する音が異なるが、日本語はどの音を区別し、どの音を区別しないのかについても考える。
日本語研究D,4,語彙論に関しては、語彙を量的・意論的・形態的に分析する方法を学ぶ。文字論に関しては、文字の種類・しくみ・機能を扱っていく。
日本語講読,2,前提科目その他日本語概論、日本語学（文法）、日本語学（音声・音韻）（上記科目を履修していなくても履修できます）さまざまな日本語を材料にして、日本語の仕組みを考える。これまで日本語について学んできたことを生かしながら、自ら考え、他の人の意見を聞いて、考えを発展させ、解決案を見いだしていく。
日本語史,2,文章・文体、文字表記、音韻、語彙、文法の各領域について、現代の日本語が、古代からどのような変遷を経て成立したのかを概観する。各時代の資料から、当時の日本語の姿をよみとる。
日本語表現論A（アカデミックライティング）,4,実際に書かれたレポートや小論文を分析し、問題点とその原因・改善の方法を報告し合う。そして、わかりやすく説得力のある文章とは、どこがどう優れているのかを具体的に見出す。さらに、実作を通して効果的な書き方を考え、実践力を向上させる。ルーブリック・ポートフォリオによる評価を行う。
日本語表現論B（ディスカッション）,4,ディスカッションのトレーニングを行なう。グループディスカッションの手順を知る。意見の述べ方、反論のしかた、意見のまとめ(総括)のしかたを知り、トレーニングする。ディベートの実践、分析も同様に行なう。コミュニケーションにおける自己の特徴を理解し、弱点改善のためのトレーニングを行なう。
日本語表現論C（漢字・語彙力養成）,4,文字に関する知識、漢字に関する知識を深める。日本語において、漢字という文字は、どのような存在なのかを、履修者自らに考えてもらう。漢字力・語彙力を高めることも行なうが、ただ難しい漢字・語彙を覚えるのではなく、今後、日本語のなかで、どのように漢字を使っていくべきなのかを各自考える。
日本語表現論D（ビジネス日本語）,4,現代では不可欠なコミュニケーション手段となっている電子メールと、依然としてコミュニケーション上、重要な役割を担っている伝統的な手紙を分析・比較する。さらに、ビジネス文書の書き方を学ぶ。それぞれの文章について、「慣習的に定められた書式」、「相手にふさわしい表現（敬語の使い方）」「簡明さ」という3点に留意し、状況や目的に合った書き方を検討・実践する。
日本語プレゼンテーション,2,社会のさまざまな場面でプレゼンテーションの機会があり、コミュニケーションの大切な手段の一つとなっています。授業では、プレゼンテーションを効果的に実践できるよう、基礎を指導し、さまざまな課題に取り組みます。
日本史,1,国際化が進む一方で、日本の歴史と文化を理解する必要性は、ますます高まっています。本講義では、当時の政治、経済、文化をふりかえりながら、その時代に生きた人々がどのような考えをもっていたのか理解を深めていきます。
日本史,1,最初に、高校まで学んできた日本の歴史はどのような史料の調査、研究により明らかにされてきたのかを明らかにする。その上で、日本の歴史の様々な変革期について、その原因と過程、結果について史・資料を示し分かりやすく説明。そして現代に近づくにつれ、今の我々の国や社会の仕組、暮らし、文化のあり方が、どのような形で変容してきたのかを示し、自分たちの問題として考える。
日本風俗史,2,4．風俗学とはなにかを理解する。2．風俗の歴史について、特に日本の風俗史について共に学び、考える。3．「風俗」に関して主体的に考える力を養う。
日本文化演習,4,『万葉集』に記された和歌を対象として授業を行う。本文の的確な読み、解釈を行い、古代的な論理・信仰・習俗などを踏まえつつ、日本の和歌の成立の背景や著名な歌人などの歌を読みながら、古代人の心を捉える。
日本文化概論,1,おもに近現代の歴史をふりかえり、身近な話題をとりあげながら、日本人の心の一端を模索していきます。授業ではグループワークやディスカッション、プレゼンテーションを取り入れて、理解を深められるようにしています。
日本文化研究,2,この授業の目的は、ともすれば観光やエキゾチシズムにのみ目の回りがちな沖縄文化を当事者の視点から捉えてみることです。皆さんのほとんどが「遊びに行くところ」と考えているかもしれません。しかし、当地の生活実感から生活世界を考えるなら、本土とも微妙に異なる世界が出現します。多方面から考えてみましょう。
日本文化研究A,2,4．風俗学とはなにかを理解する。2．風俗の歴史について、特に日本の風俗史について共に学び、考える。3．「風俗」に関して主体的に考える力を養う。
日本文化研究A（風俗史）,4,4．風俗学とはなにかを理解する。2．風俗の歴史について、特に日本の風俗史について共に学び、考える。3．「風俗」に関して主体的に考える力を養う。
日本文化研究B,2,（近世文化）4．江戸学とは何かを理解する。2．江戸の歴史と文化について学び、考える。3．「江戸」に関して主体的に考える力を養う。
日本文化研究B（近世文化）,4,（近世文化）4．江戸学とは何かを理解する。2．江戸の歴史と文化について学び、考える。3．「江戸」に関して主体的に考える力を養う。
日本文化研究C（日本の宗教）,4,4．宗教学とはなにかを理解する。2．日本の宗教の歴史について、特に日本の宗教について共に学び、考える。3．「日本の宗教」に関して主体的に考える力を養う。
日本文化研究D（万葉の時代と文化）,4,万葉の時代といえば、日本史の時代区分でいえば古代といえる。万葉集には、時代が判明している仁徳天皇から奈良時代末期までである。その時代の状況や文化を万葉集の歌を通して理解しながら、学生のプレゼンテーションを交えながら進める。
日本文化研究E（東アジアの交流と文化）,4,日本文化研究Ｅ（東アジアの交流と文化）の授業では、わかりやすい講義と口頭Q&Aと討論会とレポートなどのアクティブ・ラーニング（主体的・対話的学び）によって、自己肯定感を高め、人格形成（モラルの向上）をさせ、人間力（力強く生きていくための力）を磨く。東アジアの文化つまり台湾の儒教思想を論じ、道徳心を高め、人徳者となる道を指し示す。生きる力（自ら考えて問題を解決する力、他者を思いやる心、健康、知・徳・体）を育む。私伊藤幹彦の台湾居住16年（うち3年半で国立台湾大学で博士号を取得、うち11年台湾の大学で准教授）の経験から学んだ台湾人の心の中にある儒教思想も説明する。30年間、私はある台湾人と共生し、多くの台湾人の親友とつきあっているので、異文化をもつ台湾人と共に生きていく実践的な異文化共生論（台湾文化共生論）を説明する。
日本文化研究F（現代社会と文化）,4,私たちは日常生活のさまざまな問題を解決することに追われていますが、事実を見ているのでしょうか。本講義では、ディスカッションやグループワークを取り入れ、現代社会を取り巻く文化について理解を深めていきます。
日本文化史,2,『古事記』に記された神話を対象として授業を行う。本文の的確な読み、解釈を行い、古代的な論理・信仰・習俗などを踏まえつつ、神話成立の背景や各神話の持つ意味、伝承者の心を捉える。
日本文学,2,・授業は、俳句を創作し、鑑賞・批評を基に創作活動を中心におこなう。・合評会による討議により、発想や技法を学ぶと共に、教師の講評でさらに深める。
日本文学演習,4,古典三大随筆に記された作品を対象として授業を行う。本文の的確な読み、解釈を行い、古代的な論理・信仰・習俗などを踏まえつつ、随筆の背景や其のもつ意味を捉える。
日本文学概論,1,日本文学の生成過程とその変容の原動力について見極める。古典文学はどのように発生し、伝播し、波及したか作品に即して理解する。また古典文学が実際にどのように読まれてきたのかについて、『竹取物語』『伊勢物語』『『源氏物語』『枕草子』『徒然草』『百人一首』といった古典を通して文学を考える。日本文学の理念と変遷を考え、日本の代表的な文学作品に触れながら、作品の構想と表現、作者と時代背景などを含めて、文学研究の方法と態度を養う。作品の背景に横たわる問題点を指摘しながら思索を深める訓練をする。作品を理解し、日本文化における文学の影響力と、文学の果たした役割を理解する。
日本文学講読,3,古典三大随筆に記された作品を対象として授業を行う。本文の的確な読み、解釈を行い、古代的な論理・信仰・習俗などを踏まえつつ、随筆の背景や其のもつ意味を捉える。
日本文学史,3,物語の発生からその展開について解説し、作品と作品を生み出した人間、それを取り囲む社会との関係を歴史的に考察する。講義のほか、学生の研究発表の形式を採る。
乳児保育Ⅰ,2,乳児保育の意義・目的と歴史的変換および役割について理解する。乳児の発達と保育について学び、必要な保育や保護者・保育者間、他機関等、関係機関との協働・連携について学ぶ。そして、乳児保育の理論や知識・技術の基本を理解する。具体的な事例を紹介しつつ、乳児保育を担当する保育者の役割を理解する。
乳児保育Ⅱ,2,乳児保育の歴史、今後の課題について学び、保育の普遍的理論と現代における乳児保育のニーズをとらえ、現代に即した保育のありようを考察し理解する。また、3歳未満児の発育・発達の過程や特性及び、養護及び教育の一体性を踏まえた援助や配慮、関わりの基本的な考え方について理解する。そして、3歳未満児の生活や遊びと保育の方法及び環境を踏まえた乳児保育における計画の作成について理解する。
子どもと生活,2,子ども同士、子どもと保育者関わり等社会性を発達させる上で欠かせない人間関係の在り方を理解することを目的とする。人間関係を成立させる基本的ルールとその伝え方を学ぶ。また、子どもの自主性の尊重とその促し方、集団生活との関わりも取り上げる。授業形態は、レポート発表やグループ討論など主体的に取り組むような工夫をする。
認知情報演習,3,現在の認知心理学（認知科学）は日常生活の幅広い分野に応用されている。そうした認知心理学の諸理論や知見を演習形式のテキスト輪読を通して学びます。受講生は事前にテキストの該当箇所を読み込み、要約をまとめてプレゼンテーションする。その中で理解が難しい箇所や説明が必要と思われる部分について解説する反転授業の形態で行う。
認知情報論,2,私たちは日常生活の中でどのように物事をとらえ、対処しているのか。この講義では、特に日常場面における認知活動に重点を置き、人間の認知過程に関する応用的知見を紹介する。また、認知科学が抱える様々な問題にも触れていきたい。
認知心理学,2,私たちの身の回りにある様々な対象や出来事、情報に対する私たちの認知活動（記憶や思考など）を、その情報の処理としてとらえた時、私たちの頭の中ではどのような情報処理が行われているのでしょうか？本講義では人間の認知過程を解明しようとする研究と、これらの研究から得られた知見を紹介する。
ネットワーク技術,1,インターネットのしくみや通信技術と発展について講義する。X（旧Twitter）トイモデルをネットワーク経由で実際に操作することで、情報通信技術の利便性と問題点について、体験的に理解する。ネットワークを介したコンピュータの利用について基本的な概念と考え方、および活用の実際について解説し、コンピュータネットワークの基礎知識の習得を目指す学生に向けた内容とする。
ネットワーク構築論,3,ノートパソコンを用意することネットワーク技術は、すべてのITシステムの実現において必須の要素技術となっている。本講義では、インターネットに関する基礎技術を中心に、コンピュータネットワーク全般に関する技術概要を網羅的に学ぶ。また、最新技術動向と共に、ネットワーク構築の基礎理論の概要についても学ぶ。
発達心理学概論,2,誕生から死に至るまでの人間発達について考えるのが（生涯）発達心理学である。本講座では、各ステージの特徴ばかりでなく、連続性と独自性も踏まえて人生の全体像を見据えて発達を考えていく。
発達と学習の心理,1,本授業では、乳幼児期の発達、動機付け理論、学習理論、行動分析学などの心理学の基礎から、子どもを理解する切り口を提供する。
比較文化論Ⅰ,3,グローバル社会となった今日、私たちはさまざまな国籍や文化を有する人々とともに社会活動をすることが当たり前になっている。そして他者を受け入れ、自分は何者なのかを分かりやすく表現する能力が求められている。よって本講座では、私たちの身近で起きるさまざまな事例をもとに異文化に触れることの意義と課題を考え、国際社会で通用する表現力を高めるきっかけを提供する。
比較文化論Ⅱ,3,グローバル社会となった今日、私たちはさまざまな国籍や文化を有する人々とともに社会活動をすることが当たり前になっている。そして他者を受け入れ、自分は何者なのかを分かりやすく表現する能力が求められている。よって本講座では、私たちの身近で起きるさまざまな事例をもとに異文化に触れることの意義と課題を考え、国際社会で通用する表現力を高めるきっかけを提供する。
東アジアの文化史,3,東アジアの文化史の授業では、わかりやすい講義と口頭Q&Aと討論会とレポートなどのアクティブ・ラーニング（主体的・対話的学び）によって、自己肯定感を高め、人格形成（モラルの向上）をさせ、人間力（力強く生きていくための力）を磨く。東アジアの文化つまり台湾の儒教思想を論じ、道徳心を高め、人徳者となる道を指し示す。生きる力（自ら考えて問題を解決する力、他者を思いやる心、健康、知・徳・体）を育む。私伊藤幹彦の台湾居住16年（うち3年半で国立台湾大学で博士号を取得、うち11年台湾の大学で准教授）の経験から学んだ台湾人の心の中にある儒教思想も説明する。30年間、私はある台湾人と共生し、多くの台湾人の親友とつきあっているので、異文化をもつ台湾人と共に生きていく実践的な異文化共生論（台湾文化共生論）を説明する。
ビジネスとデータ,1,ビッグデータや人工知能（AI）技術の活用領域は急速に拡大しており、ディジタル社会の基礎知識として、データサイエンスやAIに関する知識、技術を習得することが望まれている。本講義では、データサイエンスやAIに関する知識、技術を体系的に学ぶために必要となる最も基本的なデータ分析の知識の習得を目指す。具体的には、データサイエンスやAIによって社会やビジネスで起きている変化について学ぶとともに、サンプルデータによる演習課題を通して、社会やビジネスで活用されているデータの種類やその意味を理解し、データ分析に取り組むための基礎知識を学ぶ。
ビジネストラベル論,3,出張や会議出席など業務を目的とする旅行であるビジネストラベルについて考察する。MICE（会議Meeting、企業報酬・研修旅行Incentive、国際会議Convention、国際見本市・展示会Event/Exhibition）、Bleisure（ビジネス＋レジャー）、Workaition（ワーク＋バケーション）の意義について考察する。
ビジネス法Ⅰ,2,商法は、民法の特別法といわれます。講義の中心となるのは主に商法総則・会社法総則となりますが、ビジネス法を強く意識した展開とします。
ビジネス法Ⅱ,2,商法は、民法の特別法といわれます。講義の中心となるのは主に商取引法となりますが、ビジネス法を強く意識した展開とします。
ビジュアル情報論,1,情報を視覚的に伝達するためには、情報を受け取る立場に立ち、必要な内容を選択し、整理や分類した上で、わかりやすく再構築する必要がある。そのために本授業では、まず、効果的な情報整理の重要性を確認する。そのうえで、パワーポイントによるビジュアル・レイアウトの演習を通して、ビジュアル・コミュニケーションの基本的なルールを学習する。
美術史,2,西洋美術史については、一般に聞きなれたキーワードを切り口として、古代から現代まで、作品が生まれた歴史的背景とその受容について、スライド等で鑑賞しながら適宜解説する。日本美術史と現代美術については、重要項目を取り扱う。
ファイナンス法,3,企業組織法の授業では、本学の方針どおり実施すると資金調達（ファイナンス）のところまではできないので、この授業においてその部分をカバーしようするものである。
ファイナンシャル・プランニングⅠ,4,ファイナンスは一般的に金融や財政、融資のことですが、フィナンシャル・プランとなると、主として私たち個人に関わる金融の管理・計画となります。わかりやすくいえば貯金や税金、保険、投資、資産形成、相続のことです。本講座は身の回りのおカネ全般について講義します。FP（フィナンシャルプラナー）技能検定を受験する学生にもあわせて講義します。
ファイナンシャル・プランニングⅡ,4,フィナンシャル・プランニングIでは、主に誰もが関わるテーマを扱いました。本講座では長期的な観点のライフステージから社会保険制度と相続、さらに資産形成の領域から投資について講義します。なお、講義後にFP検定問題を扱うこともあります。
ファッション学,4,文献を読み解く読解力が求められる。GoogleClassroom利用。ファッションと人間、社会との関係について、ファッションをめぐる議論から学んでいく。身近なファッションも意識化して考察の対象とする。毎回の授業終了前に小テストを行い、理解度について確認し、次の回の授業冒頭で補足説明を行う。
フィールドワーク,2,街に出て地域社会が直面する課題を解決する目標に質的調査法（研究法）を駆使、探求します。そこで、質的調査法が履修済みであることを前提条件にします。なおグループ・ワークが基本ですから、原則として欠席は認めません。
物権法,2,本講義では、民法第二編物権の中の所有権、物権変動を中心に講義を行ないます。物権法の全体像を概観した後、所有権と物権変動に重点を置き、用益物権をテーマとして取り上げます。これらを学習すること通して、法学的な客観的視点で事象を分析し、問題を発見する能力、論理的思考力を養うことを目的としています。
物的担保法,3,本講義では、民法第二編物権の中の担保物権を中心に講義を行ないます。まず物権法の全体像と所有権、用益物権、物権変動を概観し、担保物権のうち、最も重要な抵当権を重点に、質権や法定担保物権、非典型担保物権を取り上げます。これらを学習すること通して、法学的な客観的視点で事象を分析し、問題を発見する能力、論理的思考力を養うことを目的としています。
フランス語Ⅰ,1,語学を学ぶことは異文化理解への扉を開くことです。しかし苦手意識が先行すると、その扉が重くてなかなか開かないものになってしまいがちです。この授業ではシンプルな題材を用い、少しでも苦手意識を軽くして学ぶことができればと思っています。語学習得はスポーツと同じく、地道な練習の積み重ねが大切なので、できるだけ休まず出席すること、出席したらよく聞き、大きな声で発声することを心がけて下さい。
フランス語Ⅰ,1,最大の特徴として日本語とフランス語とで指示文が書かれており、初心者でもわかりやすいという特徴があります。また、日本の学習スタイルに合うように基本フレーズを勉強し、繰り返し使わせる（＝スパイラル）ことでフランス語を身につけさせるというスタイルになっています。授業中アクティブな態度を求める(発音の練習など)。
フランス語Ⅱ,1,語学を学ぶことは異文化理解への扉を開くことです。しかし苦手意識が先行すると、その扉が重くてなかなか開かないものになってしまいがちです。この授業ではシンプルな題材を用い、少しでも苦手意識を軽くして学ぶことができればと思っています。語学習得はスポーツと同じく、地道な練習の積み重ねが大切なので、できるだけ休まず出席すること、出席したらよく聞き、大きな声で発声することを心がけて下さい。
フランス語Ⅱ,1,最大の特徴として日本語とフランス語とで指示文が書かれており、初心者でもわかりやすいという特徴があります。また、日本の学習スタイルに合うように基本フレーズを勉強し、繰り返し使わせる（＝スパイラル）ことでフランス語を身につけさせるというスタイルになっています。授業中アクティブな態度を求める（発音の練習など）。
フランス語コミュニケーション,2,フランスの世界遺産や食文化を通してフランス文化に親しむように考えられた教科書を使って、フランス語のコミュニケーションを学びます。動画や音声資料を活用して目や耳でフランス語に接し、フランス語を話すことを体験してもらいます。
プログラミング基礎,1,コンピュータは、機械の言語であるプログラムから命令されることによって動いています。このプログラムは決められたルールに基づいて動きます。そのプログラムの基本について、主にゲームを作るという目的のもと、理解する。
文化遺産と観光,2,国内外の世界遺産を中心として文化遺産の保護と活用における観光のあり方について学修する。世界遺産検定取得のための講義でもあり、世界遺産の仕組み等についても学修する。
文化交流史A,1,本講義では、文化人類学をベースとして、文化が接触・交流する際に、どのような現象が生じるのかを基礎的な事項から考察する。文化とは何か、それが接触・交流するとはどのようなことかという視点をまずは身につけることから始めてゆく。
文化交流史B,1,同じ授業のＡをベースに、さらなる交流のあり方を考察する。同じ現象でも、視点が変化することで全く異なる像が浮かび上がることも体験していただきたい。
文化心理学,2,自己表現のスタイルに「アサーティブ」というものがある。言語が多様であるように文化により自己表現も一律ではない。本講義は、心理学の視点からアサーティブな自己表現を学ぶ。
文化人類学A,2,高校レベルの地理、世界史の知識。GoogleClassroom利用。人類の誕生と進化の歴史をおさえた上で、人種概念、言語、性、親族、ジェンダー、通過儀礼、宗教、医療、移動と共生、フィールドワークについて学ぶ。毎回の授業終了前に小テストを行い、理解度について確認し、次の回の授業冒頭で補足説明を行う。
文化人類学B,2,高校レベルの地理、世界史の知識。GoogleClassroom利用。人類の誕生と進化の歴史をおさえた上で、生業、経済、観光、民族、法律、政治、民族誌について学ぶ。毎回の授業終了前に小テストを行い、理解度について確認し、次の回の授業冒頭で補足説明を行う。
文学と観光,3,紀行文、純文学、俳句などを通して文学と観光の構造を理解し、文学を生かした空間整備、観光ルートの設定、旅行商品化、地域ブランド化などについて学修する。観光を学ぶ上で是非読むべき文学作品についても学修する。本講座では講義の意味での文学を扱うものとする。
文章作法,3,現代では不可欠なコミュニケーション手段となっている電子メールと、依然としてコミュニケーション上、重要な役割を担っている伝統的な手紙を分析・比較する。さらに、ビジネス文書の書き方を学ぶ。それぞれの文章について、「慣習的に定められた書式」、「相手にふさわしい表現（敬語の使い方）」「簡明さ」という3点に留意し、状況や目的に合った書き方を検討・実践する。
保育課程論,1,保育の計画の意義と必要性、保育の計画の歴史を理解し、実際の教育課程、保育課程、指導計画を例に取った分析や評価・改善について学ぶ。また、保育の計画の基準となる「幼稚園教育要領」、「保育所保育指針」、「幼保連携型認定こども園教育・保育要領」の基本を理解する。保育制度が急激に変化している中、教育課程・保育課程を知ることで、新しい保育を考え、組み立てる力を養うとともに、保育の計画全体を把握することで、保育の基本を見直す機会とする。
保育・教職実践演習,4,保育・教育者としての使命感を持てるよう、保育・教育に関わる課題を順次取り上げ、それに対する分析・考察・検討を行い、保育・教育者としての総合的なものの見方・考え方を身につけさせる。またそれとともに、子どもや保護者を援助する方法を学習させる。必修科目と選択必修科目の履修状況や、実習等を通しての学びを踏まえ、保育・教育者として必要な知識・技能を修得したかを振り返り、確認させる。援業形式としては、グループ討議、ロールプレーイング、事例研究、現地調査を含む演習を基本とする。必要に応じて、ティーチングアシスタントを配置する。
保育・教職実践演習,4,保育・教育者としての使命感を持てるよう、保育・教育に関わる課題を順次取り上げ、それに対する分析・考察・検討を行い、保育・教育者としての総合的なものの見方・考え方を身につけさせる。またそれとともに、子どもや保護者を援助する方法を学習させる。必修科目と選択必修科目の履修状況や、実習等を通しての学びを踏まえ、保育・教育者として必要な知識・技能を修得したかを振り返り、確認させる。援業形式としては、グループ討議、ロールプレーイング、事例研究、現地調査を含む演習を基本とする。必要に応じて、ティーチングアシスタントを配置する。
保育・教職実践演習,4,保育・教育者としての使命感を持てるよう、保育・教育に関わる課題を順次取り上げ、それに対する分析・考察・検討を行い、保育・教育者としての総合的なものの見方・考え方を身につけさせる。またそれとともに、子どもや保護者を援助する方法を学習させる。必修科目と選択必修科目の履修状況や、実習等を通しての学びを踏まえ、保育・教育者として必要な知識・技能を修得したかを振り返り、確認させる。援業形式としては、グループ討議、ロールプレーイング、事例研究、現地調査を含む演習を基本とする。必要に応じて、ティーチングアシスタントを配置する。
保育原理,1,保育・幼児教育の基礎をその知見に則り、広範囲に学ばせる。保育の理念、保育の意義と保育の必要性について把握させる。さらに、保育の場、歴史と現状、保育の目的・内容・方法の関連、保育の計画と評価の仕方、健康・安全、多様な保育ニーズへの対応の仕方、家庭・地域との連携、近年の保育動向・課題など、保育者として必須の基本的知識を習得させる。特に、現在の保育がどのような歴史的、社会的背景によって成立しているのかを考えさせ、保育の社会的役割について理解させる。授業形態は、講義の他に、グループ討論と発表、VTR視聴とその検討を含む。
保育実習Ⅰ（施設）,3,4．施設等での体験を通して、施設の役割や機能、保育の職務（子どもたちや利用者との関わり、他の職員との連携）等を理解する。2．施設等で生活している子どもや利用者の活動を観察し、一人ひとりの子どもや利用者に合わせた保育士の支援方法について学ぶ。3．気づきや保育士からの指摘事項を踏まえて、反省会で出された内容から自分自身の課題を明確にする。1．実習を通して実際にその場に身を置き、体験することで学びを深める。⚕．施設等での生活実態に触れ、子どもや利用者での家庭福祉ニーズに対する理解力、判断力を養うとともに、支援するために必要とされる能力を養う。
保育実習Ⅰ（保育所）,3,4．保育所での体験を通して、保育所の役割や機能、保育の職務（子どもたちとの関わり、他の職員との連携）等を理解する。2．保育所で生活している子どもの活動を観察し、一人ひとりの子どもに合わせた保育士の支援方法について学ぶ。3．気づきや保育士からの指摘事項を踏まえて、反省会で出された内容から自分自身の課題を明確にする。1．実習を通して実際にその場に身を置き、体験することで学びを深める。⚕．家族と保育所の生活実態に触れ、子ども家庭福祉ニーズに対する理解力、判断力を養うとともに、子育てを支援するために必要とされる能力を養う。
保育実習Ⅱ（保育所・施設）,4,4．保育実習Ⅰで学んだ基本的内容を踏まえ、子どもの保育及び保護者支援、利用者への理解及び生活について総合的に学び、保育士として必要な資質、能力、技術を修得する。2．保育所実習においては、部分実習や責任実習を通して、子どもとのかかわり方や保育技術及び実践力を身に付ける。施設実習においては、利用者の年齢や発達段階、症状や特性に応じた関わり方や養護技術、介助技術の実践力を身に付ける。3．保育士と共に保育所または施設における業務などを経験しながら、臨機応変な対応や判断力を身に付ける。
保育実習指導Ⅰ（保育所）,3,保育実習履修資格を満たしていること保育所実習の準備を行う。保育所実習と並行して行われる授業で、実習の目的、保育所の機能、保育士の職務内容や実習手続きの書類の作成について学習する。また、保育所保育指針の内容を理解し、実習生として保育所生活に参加することをイメージする。子どもを理解し、援助の仕方に関する理解を深め、観察、参加、責任実習の段階における実習内容、実習記録、指導計画について学習することを目的とする。
保育実習指導Ⅰ（施設）,3,施設実習の準備を行う。施設実習と並行して行われる授業で、実習の目的、施設養護における保育士の在り方や施設の機能、保育士の職務内容や実習手続きの書類の作成について学習する。また、保育所保育指針の内容を理解し、実習生として施設生活に参加することをイメージする。子どもや利用者を理解し、援助の仕方に関する理解を深め、観察、参加、責任実習の段階における実習内容、実習記録、指導計画について学習することを目的とする。
保育実習指導Ⅱ（保育所・施設）,4,①保育実習Ⅰで学んだ基本的内容を踏まえ、保育士として必要な資質、能力、技術を修得する。②部分実習や責任実習を通して、保育技術及び実践力を身に付ける。施設実習においては、利用者の年齢や発達段階、症状や特性に応じた関わり方や養護技術、介助技術の実践力を身に付ける。③保育士として臨機応変な対応や判断力を身に付ける。
保育実践演習,4,保育者としての使命感を持てるよう、保育に関わる課題を順次取り上げ、それに対する分析・考察・検討を行い、保育者しての総合的なものの見方・考え方を身につけさせる。またそれとともに、子どもや保護者を援助する方法を学習させる。必修科目と選択必修科目の履修状況や、実習等を通しての学びを踏まえ、保育者として必要な知識・技能を修得したかを振り返り、確認させる。授業形式としては、グループ討議、ロールプレーイング、事例研究、現地調査を含む演習を基本とする。必要に応じて、ティーチングアシスタントを配置する。
保育内容（環境）,1,身近な環境や事物に好奇心と探求心をもって関わり、それらを生活に取り入れることで豊かな発達を遂げていく子どもの能力とそのための環境構成について学ぶ。子どもが能力を発揮する環境や事象、例えば、生物や自然現象、遊具・数量・図形に実際に触れ、各々の特性について学ぶ。授業方法は、演習、話し合い活動、グループ学習等を設定する。また、視聴覚教材の活用や模擬授業をビデオで記録するなど視聴覚機器等を使い学習効果を高める。
保育内容（健康）,2,乳幼児の基本的な生活習慣の形成、身体機能や運動能力、運動遊びの意義や保育の実際について理解し、乳幼児が健やかに成長するための保育者の役割について考え、保育を実践する力を身に付ける。
保育内容（言葉）,2,子どもの発達と特徴、言葉の本質と機能、言葉の障害について理解し、保育者についての話し方・聴き方、絵本などの児童文化財を教材として用いる方法を実践的に学修する。子ども達の言葉の発達に応じて、言葉の持つ意味やイメージ、感情をくみ取る力を支援することは保育者にとって必要な専門性である。言葉でやりとりすることの楽しさや大切さを子どもに伝えるための指導力・実践力を修得できるようにする。
保育内容（人間関係）,2,子ども同士の関わり、保育者とのかかわり等、社会性を発達させる上で欠かせない人間関係のあり方全体を理解することを目的とする。子どもたちの人間関係を成立させる基本的ルールとその伝え方を学ばせる。子どもの自主性・自立性の尊重とその促し方、および集団生活との関わり、ごっこ遊びと社会性との関連、社会性涵養の立場から各種行事や園外保育の意義を理解させる。また家庭・社会における人間関係、その中で培われる社会性についても取り上げる。講義の他に、実践例を踏まえた課題研究発表、グループ討論、ロールプレイングを交えて授業を展開する。
保育内容（表現）,1,幼稚園教育要領、保育所保育指針に示されている領域「表現」の内容について、乳幼児の発達、保育者の役割や援助、環境などの観点から具体的に理解する。造形、音楽、言葉、身体などでの様々な表現のあり方を学び、保育者としての感性を磨きながら実践力を身につけていく。ピアノと歌唱の技術を向上させるため練習と発表の機会を設ける。
保育内容総論,1,「幼稚園教育要領」などをふまえた幼稚園や保育所における指導の基本及び教育課程、長期の指導計画、短期の指導計画、評価に至る指導計画の作成について理解することにより、発達や学びの連続性を踏まえた総合的な実践力を身に付ける。
保育の心理学Ⅰ,2,本講座では、保育実践と関係の深い心理学の基礎的理論を学び、子どもが人とのかかわりを通して発達していくことを理解していく。また、人生におけ る初期経験が生涯発達に大きな影響を与えることを理解し、子どもの発達援助に保育者がどのようにかかわるべきかを考察していく。
保育の心理学Ⅱ,3,保育の心理学Ⅰで学んだ保育実践と関係の深い基礎的理論を踏まえて、保育者が保育現場で直面する具体的援助について学び、子ども理解をさらに深めていきます。その上で、実際の保育事例に基づく対応方法をグループワークやカンファレンスを通して体験的に学習していきます。また、子どもや保護者支援におけるカウンセリングの方法を学び、理論と保育実践との関連を考え、専門家や他機関と連携して協働できる実力ある保育者を目指す演習としたいと思います。
法学,1,本講義では、法と社会規範の関係とその差異から出発し、法システムの機能、法の強制力、道徳の共通性と違い、法と正義を概観し、日本の裁判員制度、法の効力など扱います。これらを学習すること通して、法学的な客観的視点で事象を分析し、問題を発見する能力、論理的思考力を養うことを目的としています。
法学,1,本講義では法について多角的な検討を行い、法の意義を考える。最初に法の性質や分類、法的紛争解決の仕組みなどを解説し、それらの知識を踏まえつつ現行法制度の概要を解説する。講義では具体的事例も取り上げ、法的問題の解決方法についても学習する。
法の性格と役割,3,法学では、実定法の解釈・適用のあり方を探求することを目的とする法解釈学が重要な部分を占める。この講義では、法の性格と法が現実の社会の中でどのような役割を果たしているのか（あるいはいないか）、法と社会が互いにどのように影響を及ぼしあっているかという問題意識を持ってもらうことを目的としている。
簿記原理Ⅰ,4,勘定科目の内容理解と記帳実践を指導し、決算処理、試算表の作成、⚘桁精算表作成、損益計算書と貸借対照表の作成までを講義し、実際の記帳を指導する。それらの過程を理解することによって、会計の思考法もあわせて指導していく。この講義は、実践と結びついているのでプリントを利用し仕訳・記帳の事例をくりかえし、理解の促進を図る。欠席しないことと予習・復習を行うことが理解するための最短距離である。
簿記原理Ⅰ,4,簿記は、現金預金などの収支明細や、商品の仕入れ・販売の記録など、企業の経済活動を正確に記録集計し、貸借対照表や損益計算書を作成する知識・技術である。簿記原理Ⅰは、会計関連科目の基礎となる科目であり、簿記の仕組みと原理を理解することが肝要である。本講義では、簿記の理論的説明とともに、問題演習を行う。以下の授業内容は予定であり、必要に応じて変更する場合がある。
簿記原理Ⅱ,4,勘定科目の内容理解と記帳実践を指導し、決算処理、試算表の作成、⚘桁精算表作成、損益計算書と貸借対照表の作成までを講義し、実際の記帳を指導する。それらの過程を理解することによって、会計の思考法もあわせて指導していく。この講義は、実践と結びついているのでプリントを利用し仕訳・記帳の事例をくりかえし、理解の促進を図る。欠席しないことと予習・復習を行うことが理解するための最短距離である。
簿記原理Ⅱ,4,簿記原理Ⅱでは、簿記原理Ⅰから継続して簿記の基本的な技術・知識について学習していく。また、簿記原理Ⅱは、会計関連科目の基礎・前提となる科目であり、簿記の仕組みと原理を理解することが肝要である。また、簿記原理Ⅰと連続する科目であるため、簿記原理Ⅰを履修している必要がある。本講義では、簿記の理論的説明とともに、問題演習を行う。
簿記論Ⅰ,1,勘定科目の内容理解と記帳実践を指導し、決算処理、試算表の作成、⚘桁精算表作成、損益計算書と貸借対照表の作成までを講義し、実際の記帳を指導する。それらの過程を理解することによって、会計の思考法もあわせて指導していく。この講義は、実践と結びついているのでプリントを利用し仕訳・記帳の事例をくりかえし、理解の促進を図る。欠席しないことと予習・復習を行うことが理解するための最短距離である。
簿記論Ⅰ,1,簿記は、現金預金などの収支明細や、商品の仕入れ・販売の記録など、企業の経済活動を正確に記録集計し、貸借対照表や損益計算書を作成する知識・技術である。簿記論Ⅰは、会計関連科目の基礎となる科目であり、簿記の仕組みと原理を理解することが肝要である。本講義では、簿記の理論的説明とともに、問題演習を行う。以下の授業内容は予定であり、必要に応じて変更する場合がある。
簿記論Ⅱ,1,勘定科目の内容理解と記帳実践を指導し、決算処理、試算表の作成、⚘桁精算表作成、損益計算書と貸借対照表の作成までを講義し、実際の記帳を指導する。それらの過程を理解することによって、会計の思考法もあわせて指導していく。この講義は、実践と結びついているのでプリントを利用し仕訳・記帳の事例をくりかえし、理解の促進を図る。欠席しないことと予習・復習を行うことが理解するための最短距離である。
簿記論Ⅱ,1,簿記論Ⅱでは、簿記論Ⅰから継続して簿記の基本的な技術・知識について学習していく。また、簿記論Ⅱは、会計関連科目の基礎・前提となる科目であり、簿記の仕組みと原理を理解することが肝要である。また、簿記論Ⅰと連続する科目であるため、簿記論Ⅰを履修している必要がある。本講義では、簿記の理論的説明とともに、問題演習を行う。
簿記論Ⅲ,2,簿記論Ⅲ（中級）では、簿記論Ⅰ・Ⅱに続き、簿記の基本的な知識を理解したうえで、日商簿記2級レベルの商業簿記の知識・技術について授業を行う。そのため、簿記論Ⅰ・Ⅱを履修している必要がある。
簿記論Ⅳ,2,簿記論Ⅳ（中級）では、簿記論Ⅰ・Ⅱに続き、簿記の基本的な知識を理解したうえで、日商簿記2級レベルの商業簿記の知識・技術について授業を行う。そのため、簿記論Ⅰ・Ⅱを履修している必要がある。また、中級簿記Ⅰのつづきの科目であるため、簿記論Ⅲ（中級）も履修している必要がある。
ホスピタリティ論,1,ホスピタリティとは何かを理解することにより、理論的な手法により自身を見直し対人関係をよりよくするための実践的な講義である。
ホスピタリティ論,1,「ホスピタリティとは何なのか」「ホスピタリティ・マインドを持つためにはどうしたら良いのか」「ホスピタリティと社会」といった大きく3つの視点からホスピタリティのあるべき姿を考察します。
ホテル経営論Ⅰ,2,観光産業の概況（観光産業の動向と宿泊産業）、ホテル産業の概要（ホテルの定義・ホテル産業の分類・ホテルの組織）、ホテル経営者として必要な基本知識（国際的な習慣・ホスピタリティ・関連知識・ホテル英語の基本）、宿泊部門（宿泊商品の特性・組織と業務役割）、宿泊部門の実務（宿泊約款と利用規則・施設設備・宿泊商品・主な担当者の業務）について学習する。
ホテル経営論Ⅱ,2,ホテル経営論Ⅰに引き続き、ホテル経営の観点から料飲部門、宴会部門、調理部門、マーケッティング部門、総務・人事部門、施設管理部門、仕入れ・購買部門、経理・会計部門について学習する。
ホテルサービス実務,3,ホテルの基本的性格、ホテル業の分類、ホテルの経営、組織、ホスピタリティとサービス、顧客満足、従業員満足、品質管理、ホテルの評価、ホテルスタッフのサービストレーニングと評価、ホテルスタッフの基本マナー、接客サービス（宿泊部門、料飲部門、食堂部門、宴会部門、調理部門）、ホテルの付帯サービスについて学習する。
ボランティア論,1,「ボランティア論」は現代社会におけるボランティアの意義と実情を学ぶことを目標とし、学生たちの自主性と社会参加意思を高める授業である。大きな災害が起きたときは、国や自治体などの公共機関のほかに、ボランティア団体による活動が、被災地の救援や救護、復旧に大きな役割をはたしている。本講義は改めて防災への関心を喚起し、意識を高める必要があるという考えのもと展開している。また、救急救命講習を受ける学生が増えてきている現状も鑑み、救援活動の実践的な学習を通じて、ボランティア活動の内容や知識が身に付くよう授業を行う。単なる座学の学習に終わらせず、厚木市社会福祉協議会で登録している大学の任意団体「松蔭大学地域ボランティア」の準隊員として、課外の自由時間で実際にボランティア活動（15時間以上）を体験することを通じてボランティアの世界を味わい、自分なりの「ボランティア論」を作り上げ、21世紀を生きる我々の生き方をともに考えることを目指す。
マーケティング論Ⅰ,2,企業の活動のうち、マーケティングは最も重要な活動の一つです。本科目では「マーケティング」とは何かを学んだ後に、マーケティングを構成する基本用語、理論と事例など、マーケティングの全体像を学んでいきます。
マーケティング論Ⅰ,2,伝統的なマーケティング理論は、消費者行動論や広告に代表されるコミュニケーション戦略でしたが、近年はEC（エレクトリック・コマース）市場の発展が著しく、消費・流通市場は大きく変わりました。この点にも留意して、マーケティングの基本概念とツールを講義します。事例研究も含みます。
マーケティング論Ⅱ,2,企業の活動のうち、マーケティングは最も重要な活動の一つです。本科目では「マーケティング」とは何かを学んだ後に、マーケティングを構成する基本用語、理論と事例など、マーケティングの全体像を学んでいきます。
マーケティング論Ⅱ,2,マーケティング論Ⅰでは基本的なマーケティング理論を講義しました。本講座はマーケティングの応用編としてケーススタディを中心に論じます。実際の成功例と失敗例をあげますが、通常取り上げられない分野もピックアップします。また、近年急拡大しているｅコマースも取り上げます。
マクロ経済学,4,新型コロナの感染拡大は、我々の生活に大きな影響を及ぼしています。感染拡大によって傷ついた我が国の経済を支えるために、政府は様々な政策を実施しました。このような一国の経済全体の動きや、経済に影響を与える政府の活動を理解する際に、マクロ経済学の視点は役に立ちます。この授業では、マクロ経済学の考え方の基礎を学びます。
マルチメディアA（画像）,1,前提科目その他情報基礎PCの操作スキルを習得していない場合、必ず上記科目から履修することデジタル画像は、現代のデジタルコンテンツの重要な基本要素である。デジタル画像に関する知識と編集技術について、PC／スマートフォンを利用した作品制作を通して学修する。
マルチメディアB（映像）,2,マルチメディア対応の映像を作成するのに必要な、知識や手順を理解する。動画撮影の基本から、動画処理に必要な知識や技能を身に付ける。ストーリーを効果的に伝える動画の視覚要素を学修する。
ミクロ経済学,4,新型コロナの感染拡大は、我々の生活に大きな影響を及ぼしています。日々のニュースの中で、コロナによって経済が大きく傷つき、収入の減少や失業、物価の高騰などが報道されています。我々が経済について考えるとき、市場、需要と供給、希少な資源をいかに効率的に配分するかなど、ミクロ経済学の視点は役に立ちます。この授業では、ミクロ経済学の考え方の基礎を学びます。
民俗学,2,はじめに民俗学者の生涯と研究を軸に、民俗学の学史と理論、民俗学とはどのような学問かを学ぶ。身近な事例から初め、民俗学の多彩な概念を理解し、具体的調査・研究事例について理解する。日常生活上の民俗についてアンケートや発表を行い、その結果について議論や解説を行う。
メディア・アート論,2,教室によってはノートバソコンが必要であるメディア・アートとは、ソフトウェア技術やロボティクス、センサー等を用いた芸術であると説明できる。メディア・アートの起源や、事例を学習した上で、実際にソフトウェアを用いて、簡単なメディア・アート作品の制作を試みる。
メディア産業論,2,メディアとは何でしょうか？メディアの定義や機能を明らかにし、技術と社会の相互関係に着目しながら、社会学的視点から歴史を辿ります。また個別のメディア（新聞、ラジオ、テレビ、インターネット、音楽等）の産業としての位置づけ、また、そのことから生まれる社会での諸問題についても学んでいきます。
メディア情報論,3,あらゆるものがメディアを通して得られる情報によってつながるソーシャルメディア社会が到来している。そのソーシャルメディア社会では、今までとは異なった知見や考え方、応対の仕方が必要になっていく。本講義では、メディア社会における知見を知り、ディスカッションを行うことにより理解を深める。
モバイルアプリ作成,2,情報セキュリティの歴史や、暗号の歴史、認証、ウィルス、電子透かし等の脅威やOS、アプリケーション、プログラミングレベルでのセキュリティ対策等の技術的な対策要素について学ぶ。また、技術演習を行い、実際の対策も経験する。
幼児・児童期の心理,3,発達心理学の中で幼児期及び児童期に焦点を当てて学習し、理解を深めていく。人間形成の基礎となる時期であることから各理論の解説だけでなく、この時期の問題点等についても具体例を示しながら講義する。
幼児理解,1,幼児を理解するためには、まず子どもとはどのような存在かを把握し、幼児期の特徴、幼児の生活の傾向を知る必要がある。本講義では、幼児期の特徴とはどのようなものかを理解させ、一人ひとりの子どもの心情・意欲・態度、個と集団のとらえ方のポイントを教授する。保育現場に立つ学生たちが幼児の内面に何が起こり、どのような思いを抱いているのかに目を向け、発達の課題に即した指導が可能となるよう支援する。具体的な事例を示しつつ、幼児の発達観を習得させ、共感的理解の基礎を培い、実践力を培うよう指導する。授業形態は、講義とグループ討論が主体となる。
ヨーロッパ観光論,3,ヨーロッパの観光の特性を歴史・文化的背景、観光資源の特性から考察する。
ヨーロッパ文化研究A,2,ヨーロッパの文化について書かれたテクストを読み考えます。また、毎回英国の歴史・文化に焦点を当てたワークシートを配布しますので、その穴埋め作業をしながら、各項目の要約を完成します。
ヨーロッパ文化研究B,2,ヨーロッパの文化について書かれたテクストを読み考えます。また、毎回英国の歴史・文化に焦点を当てたワークシートを配布しますので、その穴埋め作業をしながら、各項目の要約を完成します。
吉田松陰論,1,本学の教育理念である「知行合一」を実践した吉田松陰は、わずか三〇歳でこの世を去った。しかし、松下村塾において維新の芽を育て、多くの志士を世に送り出し、短くとも多くのことを成した松陰の生涯から、「知行合一」とは何か、「教育」とは何かを思考するとともに、本学で学ぶ意義と誇りを修得する。
リスク危機マネジメント基礎論,3,リスク危機マネジメントの狙いは、定められた使命や目標を達成するため、ときにはリスクを低減しあるいはリスクを取り、また、危機に遭遇した時はその被害が最小となるように危機対応を行い、全体として最小の被害やコストで使命や目標を達成することです。この授業では、リスク危機マネジメント論のうち、それを実行するための手法の一般的な基本を学びます。理解の進行度合いによって授業の進め方はかなり柔軟に変更することがあります。
リスク危機マネジメントの考え方とその応用,3,リスク危機マネジメントの原理論的考え方、関連領域の取り扱い方、特に留意しなければならない事項など、リスク危機マネジメント基礎論で学んだその手法を実際に活用するために理解しておくべき基本原理などを学ぶとともに、その応用についても初歩的な事項を学ぶ。特に学生たちが将来身近にリスクおよび危機として取り扱う可能性が非常に高い、金融商品のリスク、組織内におけるいろいろなリスクについて各論として取り上げる。理解の進行度合いによって授業の進め方はかなり柔軟に変更する予定。一部演習あり。
リスク心理学,3,新聞やテレビ等のマスメディアでは、大地震の発生のリスクや金融リスク等が日々報じられ、自然環境や社会・政治場面、あるいは企業組織が内在するリスクから、人間一人一人が行う判断過程や行動面に対しても「リスク」という言葉が用いられている。本授業では、各個人が行う判断過程や行動を起こす際に生じる「リスク」を取り上げ、その構造を考える。授業形式は、講義を主体とするが、随時、討議や実習を含んで「分かる授業」を目指す。
旅行会社経営論Ⅰ,3,映像でイメージを掴み、旅行業現状を理解し、新たなビジネスモデルを模索する。
旅行会社経営論Ⅱ,3,映像でイメージを掴み、旅行業現状を理解し、新たなビジネスモデルを模索するために討議する。
旅行業務基礎Ⅰ,2,・解説し、過去の問題を解きながら理解を深める。・観光のしくみを学び、自力で調査する能力を身につける。
旅行業務基礎Ⅱ,2,解説し、過去の問題を解きながら理解を深める。
旅行業論Ⅰ,2,映像によりイメージを掴んだ上で、旅行業を概括し、旅行業に特有な経営形態や商品の特性を理解し、その商品がどのように企画・造成され、どのような市場で、どのように販売されているかを把握する。更に、旅行業に関わる法律が消費者をどのように保護しているかを討議する。
旅行業論Ⅱ,2,映像によりイメージを掴んだ上で、旅行業を概括し、旅行業に特有な経営形態や商品の特性を理解し、その商品がどのように企画・造成され、どのような市場で、どのように販売されているかを把握する。更に、旅行業に関わる法律が消費者をどのように保護しているかを討議する。
臨床心理学,2,本講義では，様々な精神障害，心理療法，心理アセスメントについて，概論を学ぶ。講義内では，適宜事例や社会的事象を紹介する。
倫理学,2,人権の更なる拡充が叫ばれる今日、個人の〈自由〉が、既成のモラルや法と対立する局面が現れている。そもそも我々はなぜ〈規範〉を遵守する義務を負うのか。また〈規範〉には、時代や文化の差異を超えた内実が認められうるのであろうか。
歴史考古学,2,考古学の一分野である歴史考古学は、古代以降の歴史研究を、文献史学(古文書学)とともに探求していく学問である。最初に歴史学との関係や、考古学研究としての方法、目的、成果を説明する。その上で、世界各地の歴史考古学研究の状況を講義し、次に日本列島における歴史考古学の現状と成果を、古代・中世・近世・近現代と事例を示して学んでいく。
レストラン経営論Ⅰ,2,レストラン業界の現状と今後の方向性を考え、レストラン開業までに必要なマネジメント（基本構想～基本計画～実施計画～着工・竣工）について学習する。
レストラン経営論Ⅱ,2,レストラン業界の現状と今後の方向性を考え、レストラン開業後のマネジメント（開業前との違い、商品管理、労務管理、施設管理、仕入れ管理・在庫管理、財務管理、販売促進管理、顧客管理、レストランの防災・防犯管理、食中毒、事故、地震、防火管理、盗難防止・遺失物管理、UG客・暴力団、コンプレイン）について学習する。
レストランサービス実務,3,レストラン（位置づけ、種類、特性）、組織と業務分担、サービスの基本（テーブルクロス、ナプキン、食器類、トーション、サービストレイ、グラスウェア、飲物の注ぎ方、ナイフ・フォーク、皿の持ち方・配り・下げ方、サーバー、料理の盛り付け）、レストランサービス（心構え、マナー、テーブルサービス、メニューの知識、サービスの手順、料飲サービスの実際、衛生管理、苦情処理）、バーサービス（手順、苦情処理、覚えておきたい基礎知識）、食器・リネン・備品の知識（シルバーウェア、チャイナウェア、グラスウェア、リネン類、ワゴン類他）、レストランの防災・防犯について学習する。
レポートライティング,2,実際に書かれたレポートや小論文を分析し、問題点とその原因・改善の方法を報告し合う。そして、わかりやすく説得力のある文章とは、どこがどう優れているのかを具体的に見出す。さらに、実作を通して効果的な書き方を考え、実践力を向上させる。ルーブリック・ポートフォリオによる評価を行う。
労働法Ⅰ,3,これから就職活動を行い実社会に羽ばたこうとする学生諸君にとって、労働法は自らの働く権利を守るための有効な手段となり得るはずである。昨今社会問題となっているブラック企業の存在や長時間労働の是正、男女間の賃金格差など、労働環境を巡る具体的な課題を取り上げながら、労働法体系全般の根底に流れているものをつかむことを主旨とする。
労働法Ⅱ,4,これから就職活動を行い実社会に羽ばたこうとする学生諸君にとって、労働法は自らの働く権利を守るための有効な手段となり得るはずである。昨今社 会問題となっているブラック企業の存在や長時間労働の是正、男女間の賃金格差など、労働環境を巡る具体的な課題を取り上げながら、労働法体系全般の 根底に流れているものをつかむことを主旨とする。
